city_std,city_clean,n_extreme_events,total_reports,total_affected_grids,baseline_value,baseline_total,stress_value,stress_total,mean_peak_rain,max_peak_rain,mean_tail_weight,max_tail_weight,metric,metric_label,unit,value_scale,baseline_ratio,stress_ratio,baseline_value_plot,stress_value_plot,gdp_per_capita,region,gdp_missing,city_label,baseline_rank_value,stress_rank_value,baseline_rank_ratio,stress_rank_ratio,emerging_value_flag,emerging_ratio_flag
三亚,三亚市,3,44.0,26,18.0,26.0,24.039402971184778,33.45639035733897,75.77968088785808,90.66284942626952,1.3550662074923316,1.8893042406383986,uncovered_impact_space,Uncovered impact space,km^2,1.0,69.23076923076923,71.85294861288439,18.0,24.039402971184778,66866.0,华南,False,Sanya,104.0,88.0,142.0,135.0,False,False
三明,三明市,1,11.0,7,5.0,7.0,5.0,7.0,51.83521270751954,51.83521270751954,1.0,1.0,uncovered_impact_space,Uncovered impact space,km^2,1.0,71.42857142857143,71.42857142857143,5.0,5.0,108521.0,华东,False,Sanming,161.0,161.0,135.0,136.0,False,False
上海,上海,4,126.0,62,58.0,62.0,61.52547469410954,65.87802216352048,68.92889022827148,78.74647521972656,1.0881368673527385,1.3525474694109538,uncovered_impact_space,Uncovered impact space,km^2,1.0,93.54838709677419,93.39302042400851,58.0,61.52547469410954,155549.0,华东,False,Shanghai,44.0,47.0,46.0,47.0,False,False
上饶,上饶市,2,54.0,30,28.0,30.0,34.44011592604352,36.8998737306091,76.02314758300781,76.06207275390625,1.229878902282791,1.231632233345477,uncovered_impact_space,Uncovered impact space,km^2,1.0,93.33333333333333,93.33396687879403,28.0,34.44011592604352,40436.0,华东,False,Shangrao,71.0,73.0,47.0,48.0,False,False
东莞,东莞市,4,98.0,57,38.0,57.0,38.15673188574811,57.15673188574811,62.82234001159668,72.65945434570312,1.0195914857185135,1.0783659428740546,uncovered_impact_space,Uncovered impact space,km^2,1.0,66.66666666666666,66.75807140621768,38.0,38.15673188574811,92081.0,华南,False,Dongguan,60.0,66.0,151.0,151.0,False,False
中山,中山市,3,27.0,21,18.0,21.0,18.0,21.0,58.64549763997396,66.0999984741211,1.0,1.0,uncovered_impact_space,Uncovered impact space,km^2,1.0,85.71428571428571,85.71428571428571,18.0,18.0,71142.0,华南,False,Zhongshan,103.0,112.0,77.0,77.0,False,False
临沂,临沂市,3,189.0,76,68.0,76.0,75.8207293389849,84.54823904493699,60.42700449625651,74.95748138427734,1.0606258088293403,1.1818774264880212,uncovered_impact_space,Uncovered impact space,km^2,1.0,89.47368421052632,89.67747902908604,68.0,75.8207293389849,43565.0,华东,False,Linyi,35.0,34.0,60.0,59.0,False,False
丽水,丽水市,1,17.0,8,7.0,8.0,7.0,8.0,58.64066696166992,58.64066696166992,1.0,1.0,uncovered_impact_space,Uncovered impact space,km^2,1.0,87.5,87.5,7.0,7.0,61355.0,华东,False,Lishui,149.0,154.0,69.0,68.0,False,False
乌海,乌海市,2,187.0,41,31.0,41.0,31.0,41.0,21.711000442504883,25.23545455932617,1.0,1.0,uncovered_impact_space,Uncovered impact space,km^2,1.0,75.60975609756098,75.60975609756098,31.0,31.0,100561.0,华北,False,Wuhai,68.0,77.0,115.0,117.0,False,False
乐山,乐山市,2,69.0,18,9.0,18.0,9.0,18.0,55.22667121887208,57.51617813110352,1.0,1.0,uncovered_impact_space,Uncovered impact space,km^2,1.0,50.0,50.0,9.0,9.0,63399.0,西南,False,Leshan,146.0,147.0,176.0,176.0,False,False
九江,九江市,3,38.0,26,20.0,26.0,36.515152790842905,46.954161424056736,84.7841313680013,89.90491485595705,1.624505429421145,1.8551641149834652,uncovered_impact_space,Uncovered impact space,km^2,1.0,76.92307692307693,77.76766038065061,20.0,36.515152790842905,70445.0,华东,False,Jiujiang,95.0,70.0,110.0,109.0,False,False
伊春,伊春市,1,11.0,4,4.0,4.0,4.0,4.0,56.28245544433594,56.28245544433594,1.0,1.0,uncovered_impact_space,Uncovered impact space,km^2,1.0,100.0,100.0,4.0,4.0,33930.0,东北,False,Yichun,162.0,164.0,23.0,24.0,False,False
佛山,佛山市,3,328.0,130,103.0,130.0,103.65735713281504,131.53383330990175,57.5484364827474,75.78427124023438,1.0730396814238927,1.219119044271678,uncovered_impact_space,Uncovered impact space,km^2,1.0,79.23076923076923,78.80661159520224,103.0,103.65735713281504,113618.0,华南,False,Foshan,26.0,27.0,100.0,104.0,False,False
保定,保定市,3,55.0,31,21.0,31.0,21.0,31.0,67.2603530883789,68.80370330810547,1.0,1.0,uncovered_impact_space,Uncovered impact space,km^2,1.0,67.74193548387096,67.74193548387096,21.0,21.0,29033.0,华北,False,Baoding,91.0,103.0,147.0,148.0,False,False
信阳,信阳市,2,24.0,14,13.0,14.0,18.335931324132318,19.56952445654555,86.65858840942383,97.2115707397461,1.616796566206616,2.0,uncovered_impact_space,Uncovered impact space,km^2,1.0,92.85714285714286,93.6963561115016,13.0,18.335931324132318,44962.0,华中,False,Xinyang,121.0,111.0,49.0,46.0,False,False
儋州,儋州市,1,8.0,5,5.0,5.0,8.666251078176604,8.666251078176604,87.1983413696289,87.1983413696289,1.733250215635321,1.733250215635321,uncovered_impact_space,Uncovered impact space,km^2,1.0,100.0,100.0,5.0,8.666251078176604,40842.0,华南,False,Danzhou,159.0,148.0,21.0,18.0,False,False
六安,六安市,3,188.0,68,65.0,68.0,65.0,68.0,58.96197001139323,67.09221649169922,1.0,1.0,uncovered_impact_space,Uncovered impact space,km^2,1.0,95.58823529411765,95.58823529411765,65.0,65.0,38028.0,华东,False,Luan,38.0,42.0,39.0,41.0,False,False
兰州,兰州市,2,543.0,72,64.0,72.0,64.0,72.0,23.5462007522583,24.49703025817871,1.0,1.0,uncovered_impact_space,Uncovered impact space,km^2,1.0,88.88888888888889,88.88888888888889,64.0,64.0,66058.0,西北,False,Lanzhou,40.0,44.0,61.0,62.0,False,False
北京,北京,6,2572.0,805,658.0,805.0,692.2374418006291,848.7155547510959,62.35361289978027,74.80223083496094,1.0448108909420173,1.1748843779198914,uncovered_impact_space,Uncovered impact space,km^2,1.0,81.73913043478261,81.56294979224725,658.0,692.2374418006291,164927.0,华北,False,Beijing,2.0,2.0,92.0,92.0,False,False
北海,北海市,3,45.0,28,14.0,28.0,23.64475885460538,43.560565938289685,80.8943099975586,100.46524047851562,1.5763172569736923,2.0,uncovered_impact_space,Uncovered impact space,km^2,1.0,50.0,54.28019206201742,14.0,23.64475885460538,69022.0,华南,False,Beihai,119.0,92.0,175.0,173.0,False,False
南京,南京市,6,294.0,152,104.0,152.0,110.32085917208477,162.53476528680795,59.54927062988281,82.61363220214844,1.0877897107233996,1.5267382643403973,uncovered_impact_space,Uncovered impact space,km^2,1.0,68.42105263157895,67.87523824666876,104.0,110.32085917208477,158991.0,华东,False,Nanjing,25.0,24.0,145.0,146.0,False,False
南充,南充市,1,22.0,12,11.0,12.0,11.0,12.0,51.04774856567384,51.04774856567384,1.0,1.0,uncovered_impact_space,Uncovered impact space,km^2,1.0,91.66666666666666,91.66666666666666,11.0,11.0,42800.0,西南,False,Nanchong,133.0,135.0,52.0,53.0,False,False
南宁,南宁市,6,281.0,127,94.0,127.0,122.77999033777809,166.8284471401098,78.3320738474528,113.52899169921876,1.298562774275144,2.0,uncovered_impact_space,Uncovered impact space,km^2,1.0,74.01574803149606,73.59655528931592,94.0,122.77999033777809,54015.0,华南,False,Nanning,27.0,22.0,123.0,129.0,False,False
南平,南平市,1,22.0,9,9.0,9.0,9.0,9.0,69.65949249267578,69.65949249267578,1.0,1.0,uncovered_impact_space,Uncovered impact space,km^2,1.0,100.0,100.0,9.0,9.0,74902.0,华东,False,Nanping,142.0,142.0,15.0,15.0,False,False
南昌,南昌市,6,748.0,282,149.0,282.0,240.05555593739516,426.94077567613647,72.98107210795085,94.73480224609376,1.3825298171954765,2.0,uncovered_impact_space,Uncovered impact space,km^2,1.0,52.836879432624116,56.226898346081974,149.0,240.05555593739516,91781.0,华东,False,Nanchang,15.0,11.0,173.0,172.0,False,False
南通,南通市,1,14.0,10,10.0,10.0,12.861745068893846,12.861745068893846,77.27294921875,77.27294921875,1.2861745068893846,1.2861745068893846,uncovered_impact_space,Uncovered impact space,km^2,1.0,100.0,100.0,10.0,12.861745068893846,129835.0,华东,False,Nantong,137.0,130.0,12.0,8.0,False,True
南阳,南阳市,3,172.0,52,43.0,52.0,43.0,52.0,49.92011260986328,70.75160217285156,1.0,1.0,uncovered_impact_space,Uncovered impact space,km^2,1.0,82.6923076923077,82.6923076923077,43.0,43.0,40389.0,华中,False,Nanyang,56.0,63.0,90.0,89.0,False,False
厦门,厦门市,7,368.0,112,51.0,112.0,52.623091246379545,116.05772811594886,48.129429408482146,88.93655395507812,1.1159350890271102,1.8115456231897722,uncovered_impact_space,Uncovered impact space,km^2,1.0,45.535714285714285,45.34216902282097,51.0,52.623091246379545,123243.0,华东,False,Xiamen,50.0,54.0,177.0,177.0,False,False
台州,台州市,1,217.0,108,107.0,108.0,214.0,216.0,113.9600067138672,113.9600067138672,2.0,2.0,uncovered_impact_space,Uncovered impact space,km^2,1.0,99.07407407407408,99.07407407407408,107.0,214.0,79377.0,华东,False,Taizhou,22.0,13.0,33.0,33.0,False,False
合肥,合肥市,3,240.0,79,56.0,79.0,56.0,79.0,66.79465993245442,68.9690933227539,1.0,1.0,uncovered_impact_space,Uncovered impact space,km^2,1.0,70.88607594936708,70.88607594936708,56.0,56.0,107211.0,华东,False,Hefei,47.0,51.0,137.0,139.0,False,False
吉安,吉安市,1,26.0,15,15.0,15.0,15.0,15.0,51.74658203125,51.74658203125,1.0,1.0,uncovered_impact_space,Uncovered impact space,km^2,1.0,100.0,100.0,15.0,15.0,48535.0,华东,False,Jian,112.0,121.0,3.0,5.0,False,False
吉林,吉林市,2,47.0,23,20.0,23.0,20.0,23.0,37.55934143066406,40.41184997558594,1.0,1.0,uncovered_impact_space,Uncovered impact space,km^2,1.0,86.95652173913044,86.95652173913044,20.0,20.0,20079.0,东北,False,Jilin,94.0,106.0,72.0,72.0,False,False
周口,周口市,1,19.0,16,14.0,16.0,26.565453425949432,30.360518201085064,90.84552001953124,90.84552001953124,1.8975323875678165,1.8975323875678165,uncovered_impact_space,Uncovered impact space,km^2,1.0,87.5,87.5,14.0,26.565453425949432,36221.0,华中,False,Zhoukou,117.0,85.0,68.0,67.0,False,False
呼伦贝尔,呼伦贝尔市,1,1.0,1,1.0,1.0,1.0,1.0,53.30622100830078,53.30622100830078,1.0,1.0,uncovered_impact_space,Uncovered impact space,km^2,1.0,100.0,100.0,1.0,1.0,52330.0,华北,False,Hulunbeier,175.0,176.0,30.0,31.0,False,False
呼和浩特,呼和浩特市,3,104.0,72,64.0,72.0,64.0,72.0,45.678393046061196,49.11623764038086,1.0,1.0,uncovered_impact_space,Uncovered impact space,km^2,1.0,88.88888888888889,88.88888888888889,64.0,64.0,81179.0,华北,False,Huhehaote,41.0,45.0,62.0,63.0,False,False
咸宁,咸宁市,2,83.0,33,26.0,33.0,26.29182291686176,33.3793697919203,51.923038482666016,71.56754302978516,1.014591145843088,1.0291822916861764,uncovered_impact_space,Uncovered impact space,km^2,1.0,78.78787878787878,78.76668457421229,26.0,26.29182291686176,56890.0,华中,False,Xianning,76.0,86.0,105.0,105.0,False,False
咸阳,咸阳市,2,31.0,19,16.0,19.0,16.0,19.0,40.37395095825195,47.83387756347656,1.0,1.0,uncovered_impact_space,Uncovered impact space,km^2,1.0,84.21052631578947,84.21052631578947,16.0,16.0,55677.0,西北,False,Xianyang,108.0,117.0,83.0,82.0,False,False
哈尔滨,哈尔滨市,2,53.0,43,36.0,43.0,46.0,55.0,82.74348831176758,98.58970642089844,1.5,2.0,uncovered_impact_space,Uncovered impact space,km^2,1.0,83.72093023255815,83.63636363636363,36.0,46.0,51786.0,东北,False,Haerbin,62.0,61.0,87.0,85.0,False,False
唐山,唐山市,2,27.0,27,23.0,27.0,45.198921852604926,53.198921852604926,92.31704330444336,93.4897689819336,1.9554956584780514,2.0,uncovered_impact_space,Uncovered impact space,km^2,1.0,85.18518518518519,84.96210125805722,23.0,45.198921852604926,93405.0,华北,False,Tangshan,82.0,62.0,79.0,78.0,False,False
商丘,商丘市,4,330.0,101,65.0,101.0,65.88275175859758,102.86358704592823,62.73172378540039,73.09719848632812,1.0245208821832663,1.098083528733065,uncovered_impact_space,Uncovered impact space,km^2,1.0,64.35643564356435,64.04866255459393,65.0,65.88275175859758,37408.0,华中,False,Shangqiu,39.0,41.0,160.0,161.0,False,False
嘉兴,嘉兴市,2,16.0,11,11.0,11.0,11.0,11.0,57.63397789001465,59.53095626831056,1.0,1.0,uncovered_impact_space,Uncovered impact space,km^2,1.0,100.0,100.0,11.0,11.0,101839.0,华东,False,Jiaxing,128.0,131.0,7.0,9.0,False,False
大庆,大庆市,1,12.0,10,10.0,10.0,10.0,10.0,51.94760894775391,51.94760894775391,1.0,1.0,uncovered_impact_space,Uncovered impact space,km^2,1.0,100.0,100.0,10.0,10.0,82773.0,东北,False,Daqing,138.0,139.0,13.0,13.0,False,False
大连,大连市,3,597.0,235,168.0,235.0,253.2159505392936,336.68626030739233,69.01069895426433,86.8176040649414,1.2387001415666488,1.7161004246999463,uncovered_impact_space,Uncovered impact space,km^2,1.0,71.48936170212767,75.20828153430114,168.0,253.2159505392936,94368.0,东北,False,Dalian,13.0,10.0,134.0,120.0,True,False
天津,天津,5,1087.0,411,308.0,411.0,510.44543162581044,682.1625990840821,78.76815490722656,93.4897689819336,1.4628955661102894,2.0,uncovered_impact_space,Uncovered impact space,km^2,1.0,74.93917274939173,74.8275311943471,308.0,510.44543162581044,101541.0,华北,False,Tianjin,4.0,3.0,120.0,123.0,False,False
太原,太原市,4,631.0,237,171.0,237.0,171.0,237.0,32.626954078674316,44.09000015258789,1.0,1.0,uncovered_impact_space,Uncovered impact space,km^2,1.0,72.15189873417721,72.15189873417721,171.0,171.0,78069.0,华北,False,Taiyuan,12.0,15.0,131.0,132.0,False,False
威海,威海市,1,32.0,20,19.0,20.0,19.0,20.0,61.84230041503906,61.84230041503906,1.0,1.0,uncovered_impact_space,Uncovered impact space,km^2,1.0,95.0,95.0,19.0,19.0,103704.0,华东,False,Weihai,96.0,107.0,41.0,43.0,False,False
孝感,孝感市,2,99.0,34,21.0,34.0,22.915728798930076,38.150745731015164,68.45417594909668,78.00809478759766,1.1596440665775063,1.3192881331550126,uncovered_impact_space,Uncovered impact space,km^2,1.0,61.76470588235294,60.06626701480287,21.0,22.915728798930076,52984.0,华中,False,Xiaogan,92.0,93.0,166.0,167.0,False,False
宁德,宁德市,2,30.0,13,10.0,13.0,10.0,13.0,47.431650161743164,55.36602783203125,1.0,1.0,uncovered_impact_space,Uncovered impact space,km^2,1.0,76.92307692307693,76.92307692307693,10.0,10.0,83142.0,华东,False,Ningde,140.0,141.0,111.0,111.0,False,False
宁波,宁波市,5,872.0,358,240.0,358.0,320.83900628604573,474.1352619310621,67.78364334106445,84.60758972167967,1.2090412224215918,1.616553352520543,uncovered_impact_space,Uncovered impact space,km^2,1.0,67.0391061452514,67.66824407434493,240.0,320.83900628604573,131726.0,华东,False,Ningbo,9.0,6.0,150.0,149.0,False,False
安庆,安庆市,2,104.0,42,31.0,42.0,36.67462256387243,49.915975818602334,75.10396575927734,78.83638000488281,1.188475614728627,1.3565971074436256,uncovered_impact_space,Uncovered impact space,km^2,1.0,73.80952380952381,73.47271482210469,31.0,36.67462256387243,59176.0,华东,False,Anqing,69.0,69.0,126.0,130.0,False,False
安阳,安阳市,2,343.0,158,129.0,158.0,129.0,158.0,48.63548278808594,64.88201904296875,1.0,1.0,uncovered_impact_space,Uncovered impact space,km^2,1.0,81.64556962025317,81.64556962025317,129.0,129.0,41979.0,华中,False,Anyang,18.0,21.0,93.0,91.0,False,False
安顺,安顺市,1,1.0,1,1.0,1.0,1.0,1.0,70.3630142211914,70.3630142211914,1.0,1.0,uncovered_impact_space,Uncovered impact space,km^2,1.0,100.0,100.0,1.0,1.0,39139.0,西南,False,Anshun,176.0,177.0,31.0,32.0,False,False
宜宾,宜宾市,2,82.0,15,14.0,15.0,14.0,15.0,51.94028854370117,56.21794891357422,1.0,1.0,uncovered_impact_space,Uncovered impact space,km^2,1.0,93.33333333333333,93.33333333333333,14.0,14.0,61048.0,西南,False,Yibin,116.0,124.0,48.0,49.0,False,False
宜昌,宜昌市,2,240.0,51,40.0,51.0,54.61046186733469,69.47793706751152,62.96310234069824,80.45974731445312,1.2148597333431572,1.4297194666863144,uncovered_impact_space,Uncovered impact space,km^2,1.0,78.43137254901961,78.60115624082196,40.0,54.61046186733469,106802.0,华中,False,Yichang,58.0,53.0,107.0,106.0,False,False
宜春,宜春市,1,46.0,4,3.0,4.0,4.220588790702271,5.627451720936361,79.95231628417967,79.95231628417967,1.4068629302340903,1.4068629302340903,uncovered_impact_space,Uncovered impact space,km^2,1.0,75.0,75.0,3.0,4.220588790702271,55686.0,华东,False,Yichun,170.0,163.0,119.0,122.0,False,False
宝鸡,宝鸡市,3,40.0,26,18.0,26.0,18.0,26.0,44.44083023071289,54.84000015258789,1.0,1.0,uncovered_impact_space,Uncovered impact space,km^2,1.0,69.23076923076923,69.23076923076923,18.0,18.0,68582.0,西北,False,Baoji,105.0,113.0,143.0,142.0,False,False
宣城,宣城市,2,18.0,8,7.0,8.0,7.0,8.0,60.74458312988281,61.32528305053711,1.0,1.0,uncovered_impact_space,Uncovered impact space,km^2,1.0,87.5,87.5,7.0,7.0,64300.0,华东,False,Xuancheng,150.0,155.0,70.0,69.0,False,False
岳阳,岳阳市,2,79.0,31,23.0,31.0,43.0,55.0,81.15538597106934,103.49646759033205,1.5,2.0,uncovered_impact_space,Uncovered impact space,km^2,1.0,74.19354838709677,78.18181818181819,23.0,43.0,79238.0,华中,False,Yueyang,83.0,64.0,122.0,107.0,False,False
崇左,崇左市,1,10.0,4,4.0,4.0,4.3654080084203875,4.3654080084203875,72.94775390625,72.94775390625,1.0913520021050969,1.0913520021050969,uncovered_impact_space,Uncovered impact space,km^2,1.0,100.0,100.0,4.0,4.3654080084203875,38708.0,华南,False,Chongzuo,163.0,162.0,24.0,23.0,False,False
巴中,巴中市,1,10.0,4,4.0,4.0,4.0,4.0,64.32393646240234,64.32393646240234,1.0,1.0,uncovered_impact_space,Uncovered impact space,km^2,1.0,100.0,100.0,4.0,4.0,28302.0,西南,False,Bazhong,164.0,165.0,25.0,25.0,False,False
常州,常州市,2,33.0,25,24.0,25.0,24.0,25.0,58.64192008972168,65.37018585205078,1.0,1.0,uncovered_impact_space,Uncovered impact space,km^2,1.0,96.0,96.0,24.0,24.0,147828.0,华东,False,Changzhou,78.0,89.0,36.0,36.0,False,False
平顶山,平顶山市,2,18.0,11,11.0,11.0,11.0,11.0,50.464420318603516,53.93280029296874,1.0,1.0,uncovered_impact_space,Uncovered impact space,km^2,1.0,100.0,100.0,11.0,11.0,49215.0,华中,False,Pingdingshan,129.0,132.0,8.0,10.0,False,False
广元,广元市,2,12.0,5,4.0,5.0,4.0,5.0,53.69725036621094,54.42211532592773,1.0,1.0,uncovered_impact_space,Uncovered impact space,km^2,1.0,80.0,80.0,4.0,4.0,43636.0,西南,False,Guangyuan,168.0,169.0,99.0,100.0,False,False
广安,广安市,2,18.0,6,6.0,6.0,9.0,9.0,79.96369934082031,93.12347412109376,1.5,2.0,uncovered_impact_space,Uncovered impact space,km^2,1.0,100.0,100.0,6.0,9.0,40048.0,西南,False,Guangan,153.0,143.0,17.0,16.0,False,False
广州,广州市,6,917.0,362,284.0,362.0,356.69015626262393,448.5359003126475,65.2979081471761,90.1312484741211,1.1442265005210792,1.8653590031264755,uncovered_impact_space,Uncovered impact space,km^2,1.0,78.45303867403315,79.52321230340684,284.0,356.69015626262393,133506.0,华南,False,Guangzhou,5.0,5.0,106.0,101.0,False,False
庆阳,庆阳市,1,3.0,3,2.0,3.0,2.0,3.0,50.959999084472656,50.959999084472656,1.0,1.0,uncovered_impact_space,Uncovered impact space,km^2,1.0,66.66666666666666,66.66666666666666,2.0,2.0,34620.0,西北,False,Qingyang,171.0,171.0,153.0,152.0,False,False
廊坊,廊坊市,2,160.0,48,38.0,48.0,38.0,48.0,68.9351921081543,70.259033203125,1.0,1.0,uncovered_impact_space,Uncovered impact space,km^2,1.0,79.16666666666666,79.16666666666666,38.0,38.0,60129.0,华北,False,Langfang,59.0,67.0,103.0,103.0,False,False
延安,延安市,1,4.0,4,4.0,4.0,4.0,4.0,55.77000045776368,55.77000045776368,1.0,1.0,uncovered_impact_space,Uncovered impact space,km^2,1.0,100.0,100.0,4.0,4.0,70240.0,西北,False,Yanan,165.0,166.0,26.0,26.0,False,False
开封,开封市,2,181.0,34,23.0,34.0,32.30577669318532,47.61328764454544,82.93410110473633,86.25491333007812,1.5411733475670917,1.6907547904650815,uncovered_impact_space,Uncovered impact space,km^2,1.0,67.64705882352942,67.85033819626665,23.0,32.30577669318532,49106.0,华中,False,Kaifeng,84.0,75.0,148.0,147.0,False,False
张家界,张家界市,1,8.0,5,5.0,5.0,5.0,5.0,63.89422225952149,63.89422225952149,1.0,1.0,uncovered_impact_space,Uncovered impact space,km^2,1.0,100.0,100.0,5.0,5.0,36623.0,华中,False,Zhangjiajie,160.0,160.0,22.0,22.0,False,False
徐州,徐州市,2,36.0,27,22.0,27.0,22.0,27.0,49.87173271179199,54.0761833190918,1.0,1.0,uncovered_impact_space,Uncovered impact space,km^2,1.0,81.48148148148148,81.48148148148148,22.0,22.0,80614.0,华东,False,Xuzhou,87.0,99.0,94.0,93.0,False,False
德州,德州市,2,28.0,17,13.0,17.0,13.0,17.0,54.99170112609863,62.88340377807618,1.0,1.0,uncovered_impact_space,Uncovered impact space,km^2,1.0,76.47058823529412,76.47058823529412,13.0,13.0,54883.0,华东,False,Dezhou,123.0,127.0,112.0,113.0,False,False
德阳,德阳市,3,303.0,94,71.0,94.0,71.0,94.0,58.2171262105306,61.682899475097656,1.0,1.0,uncovered_impact_space,Uncovered impact space,km^2,1.0,75.53191489361703,75.53191489361703,71.0,71.0,69483.0,西南,False,Deyang,34.0,36.0,116.0,118.0,False,False
怀化,怀化市,2,27.0,22,21.0,22.0,21.0,22.0,52.20021057128906,62.18960571289063,1.0,1.0,uncovered_impact_space,Uncovered impact space,km^2,1.0,95.45454545454545,95.45454545454545,21.0,21.0,36503.0,华中,False,Huaihua,88.0,101.0,40.0,42.0,False,False
恩施土家族苗族,恩施土家族苗族自治州,1,214.0,14,14.0,14.0,14.0,14.0,51.69566345214844,51.69566345214844,1.0,1.0,uncovered_impact_space,Uncovered impact space,km^2,1.0,100.0,100.0,14.0,14.0,63609.0,,True,Enshitujiazu,115.0,123.0,4.0,6.0,False,False
惠州,惠州市,3,210.0,91,75.0,91.0,97.97153096558952,120.70805407160279,81.8773676554362,102.26459503173828,1.3947102588344384,2.0,uncovered_impact_space,Uncovered impact space,km^2,1.0,82.41758241758241,81.16403807443852,75.0,97.97153096558952,69666.0,华南,False,Huizhou,30.0,29.0,91.0,94.0,False,False
成都,成都市,5,2813.0,665,503.0,665.0,503.0,665.0,61.929589080810544,67.71067810058594,1.0,1.0,uncovered_impact_space,Uncovered impact space,km^2,1.0,75.63909774436091,75.63909774436091,503.0,503.0,84566.0,西南,False,Chengdu,3.0,4.0,114.0,115.0,False,False
扬州,扬州市,2,35.0,17,13.0,17.0,13.0,17.0,53.600589752197266,56.54750061035156,1.0,1.0,uncovered_impact_space,Uncovered impact space,km^2,1.0,76.47058823529412,76.47058823529412,13.0,13.0,132638.0,华东,False,Yangzhou,124.0,128.0,113.0,114.0,False,False
抚州,抚州市,1,15.0,8,6.0,8.0,6.0,8.0,53.88334274291992,53.88334274291992,1.0,1.0,uncovered_impact_space,Uncovered impact space,km^2,1.0,75.0,75.0,6.0,6.0,43439.0,华东,False,Fuzhou,157.0,159.0,118.0,121.0,False,False
揭阳,揭阳市,1,16.0,16,15.0,16.0,17.952252365441893,19.149069189804685,75.28914642333984,75.28914642333984,1.1968168243627928,1.1968168243627928,uncovered_impact_space,Uncovered impact space,km^2,1.0,93.75,93.75000000000001,15.0,17.952252365441893,37672.0,华南,False,Jieyang,113.0,114.0,45.0,45.0,False,False
新乡,新乡市,3,2519.0,304,254.0,304.0,295.4361817734879,358.7799761963486,76.96704228719075,97.36841583251952,1.3792900867227604,2.0,uncovered_impact_space,Uncovered impact space,km^2,1.0,83.55263157894737,82.34466842480786,254.0,295.4361817734879,48154.0,华中,False,Xinxiang,8.0,7.0,89.0,90.0,False,False
无锡,无锡市,3,116.0,55,47.0,55.0,51.82460941732604,60.32370694325632,61.2757199605306,74.61311340332033,1.0554552806589201,1.16636584197676,uncovered_impact_space,Uncovered impact space,km^2,1.0,85.45454545454545,85.91085005116648,47.0,51.82460941732604,165824.0,华东,False,Wuxi,52.0,55.0,78.0,76.0,False,False
昆明,昆明市,7,2929.0,441,274.0,441.0,274.0,441.0,35.88743509565081,53.49245834350586,1.0,1.0,uncovered_impact_space,Uncovered impact space,km^2,1.0,62.131519274376416,62.131519274376416,274.0,274.0,79595.0,西南,False,Kunming,6.0,8.0,165.0,164.0,False,False
晋城,晋城市,1,24.0,13,12.0,13.0,14.208925994686325,15.393003160910187,75.00631713867188,75.00631713867188,1.1840771662238605,1.1840771662238605,uncovered_impact_space,Uncovered impact space,km^2,1.0,92.3076923076923,92.3076923076923,12.0,14.208925994686325,65100.0,华北,False,Jincheng,127.0,122.0,50.0,50.0,False,False
景德镇,景德镇市,3,340.0,79,51.0,79.0,51.12753395773042,79.42511319243475,65.74795405069987,71.86345672607422,1.014170439747825,1.0425113192434752,uncovered_impact_space,Uncovered impact space,km^2,1.0,64.55696202531645,64.37200011771633,51.0,51.12753395773042,59082.0,华东,False,Jingdezhen,49.0,56.0,158.0,159.0,False,False
杭州,杭州市,7,385.0,173,137.0,173.0,165.98733776747622,212.3136365271852,73.53802163260323,154.96066284179688,1.1903756965672714,2.0,uncovered_impact_space,Uncovered impact space,km^2,1.0,79.1907514450867,78.18025280077701,137.0,165.98733776747622,134551.0,华东,False,Hangzhou,17.0,16.0,102.0,108.0,False,False
枣庄,枣庄市,2,32.0,17,9.0,17.0,9.0,17.0,47.881330490112305,49.867305755615234,1.0,1.0,uncovered_impact_space,Uncovered impact space,km^2,1.0,52.94117647058824,52.94117647058824,9.0,9.0,44902.0,华东,False,Zaozhuang,145.0,146.0,172.0,175.0,False,False
柳州,柳州市,3,163.0,43,36.0,43.0,47.28477240907106,56.97659428465624,82.2008794148763,91.804931640625,1.5081463797980614,1.940747771298685,uncovered_impact_space,Uncovered impact space,km^2,1.0,83.72093023255815,82.98981889446631,36.0,47.28477240907106,76367.0,华南,False,Liuzhou,63.0,58.0,88.0,86.0,False,False
株洲,株洲市,3,163.0,58,45.0,58.0,67.75145188492884,88.11692247304083,70.77059809366862,85.81729888916016,1.4146455562674192,1.6710430467519093,uncovered_impact_space,Uncovered impact space,km^2,1.0,77.58620689655173,76.88812770969984,45.0,67.75145188492884,79635.0,华中,False,Zhuzhou,55.0,39.0,108.0,112.0,False,False
桂林,桂林市,3,287.0,83,60.0,83.0,60.037341363832454,83.04978848510993,68.37057240804036,71.01178741455078,1.001383013475276,1.0041490404258278,uncovered_impact_space,Uncovered impact space,km^2,1.0,72.28915662650603,72.29078178157745,60.0,60.037341363832454,43213.0,华南,False,Guilin,43.0,50.0,130.0,131.0,False,False
梅州,梅州市,2,38.0,6,6.0,6.0,6.0,6.0,64.90172004699707,68.54344177246094,1.0,1.0,uncovered_impact_space,Uncovered impact space,km^2,1.0,100.0,100.0,6.0,6.0,31213.0,华南,False,Meizhou,154.0,157.0,18.0,20.0,False,False
梧州,梧州市,1,9.0,4,4.0,4.0,4.0,4.0,62.07012939453125,62.07012939453125,1.0,1.0,uncovered_impact_space,Uncovered impact space,km^2,1.0,100.0,100.0,4.0,4.0,38345.0,华南,False,Wuzhou,166.0,167.0,27.0,27.0,False,False
榆林,榆林市,2,38.0,27,26.0,27.0,26.0,27.0,48.19119644165039,53.579872131347656,1.0,1.0,uncovered_impact_space,Uncovered impact space,km^2,1.0,96.29629629629629,96.29629629629629,26.0,26.0,112662.0,西北,False,Yulin,75.0,87.0,35.0,35.0,False,False
武汉,武汉市,5,688.0,280,195.0,280.0,234.32798621198594,334.31022290982366,63.97886276245117,80.79363250732422,1.1063203529673307,1.4447588683516077,uncovered_impact_space,Uncovered impact space,km^2,1.0,69.64285714285714,70.09297656900945,195.0,234.32798621198594,126650.0,华中,False,Wuhan,11.0,12.0,141.0,141.0,False,False
永州,永州市,1,16.0,11,11.0,11.0,11.0,11.0,51.28487777709961,51.28487777709961,1.0,1.0,uncovered_impact_space,Uncovered impact space,km^2,1.0,100.0,100.0,11.0,11.0,39722.0,华中,False,Yongzhou,130.0,133.0,9.0,11.0,False,False
汕头,汕头市,3,752.0,130,115.0,130.0,115.0,130.0,43.58767954508463,55.36534881591797,1.0,1.0,uncovered_impact_space,Uncovered impact space,km^2,1.0,88.46153846153845,88.46153846153845,115.0,115.0,49646.0,华南,False,Shantou,21.0,23.0,63.0,64.0,False,False
江门,江门市,2,44.0,29,25.0,29.0,34.507589239550896,38.507589239550896,73.62593460083008,84.11186981201172,1.2971121637359655,1.594224327471931,uncovered_impact_space,Uncovered impact space,km^2,1.0,86.20689655172413,89.61243723901671,25.0,34.507589239550896,66686.0,华南,False,Jiangmen,77.0,72.0,76.0,61.0,False,False
池州,池州市,3,46.0,25,24.0,25.0,24.0,25.0,62.51092274983724,66.32328033447266,1.0,1.0,uncovered_impact_space,Uncovered impact space,km^2,1.0,96.0,96.0,24.0,24.0,65029.0,华东,False,Chizhou,79.0,90.0,37.0,37.0,False,False
沧州,沧州市,2,105.0,9,6.0,9.0,7.520695268965005,12.02759369195334,90.9412841796875,105.33614349365234,1.6267246057470839,2.0,uncovered_impact_space,Uncovered impact space,km^2,1.0,66.66666666666666,62.52867748597522,6.0,7.520695268965005,50684.0,华北,False,Cangzhou,158.0,153.0,152.0,163.0,False,False
河源,河源市,1,18.0,13,11.0,13.0,11.0,13.0,54.46828079223633,54.46828079223633,1.0,1.0,uncovered_impact_space,Uncovered impact space,km^2,1.0,84.61538461538461,84.61538461538461,11.0,11.0,38828.0,华南,False,Heyuan,135.0,137.0,82.0,80.0,False,False
泉州,泉州市,4,123.0,66,58.0,66.0,61.36131993250466,70.16163420214862,59.18129348754883,74.47318267822266,1.0400157134821983,1.1600628539287932,uncovered_impact_space,Uncovered impact space,km^2,1.0,87.87878787878788,87.45708481605683,58.0,61.36131993250466,115570.0,华东,False,Quanzhou,45.0,48.0,66.0,71.0,False,False
泰安,泰安市,2,30.0,22,20.0,22.0,20.0,22.0,35.683834075927734,37.50313186645508,1.0,1.0,uncovered_impact_space,Uncovered impact space,km^2,1.0,90.9090909090909,90.9090909090909,20.0,20.0,50482.0,华东,False,Taian,93.0,105.0,55.0,56.0,False,False
泸州,泸州市,1,9.0,3,2.0,3.0,2.0,3.0,61.2435302734375,61.2435302734375,1.0,1.0,uncovered_impact_space,Uncovered impact space,km^2,1.0,66.66666666666666,66.66666666666666,2.0,2.0,50638.0,西南,False,Luzhou,172.0,172.0,154.0,153.0,False,False
洛阳,洛阳市,3,395.0,92,74.0,92.0,74.0,92.0,52.43880844116211,67.44999694824219,1.0,1.0,uncovered_impact_space,Uncovered impact space,km^2,1.0,80.43478260869566,80.43478260869566,74.0,74.0,72639.0,华中,False,Luoyang,31.0,35.0,96.0,97.0,False,False
济南,济南市,7,261.0,115,73.0,115.0,99.46246429890452,150.0818339437402,67.81537846156529,102.05913543701172,1.2675890307064608,2.0,uncovered_impact_space,Uncovered impact space,km^2,1.0,63.47826086956522,66.27215412105711,73.0,99.46246429890452,109750.0,华东,False,Jinan,32.0,28.0,162.0,156.0,False,False
济宁,济宁市,3,134.0,57,41.0,57.0,41.0,57.0,58.098734537760414,67.75483703613281,1.0,1.0,uncovered_impact_space,Uncovered impact space,km^2,1.0,71.9298245614035,71.9298245614035,41.0,41.0,53759.0,华东,False,Jining,57.0,65.0,133.0,134.0,False,False
海口,海口市,7,1019.0,219,118.0,219.0,150.72199636982805,279.42739382870764,72.8697395324707,109.76377868652344,1.2622999740702003,2.0,uncovered_impact_space,Uncovered impact space,km^2,1.0,53.88127853881278,53.93959207243025,118.0,150.72199636982805,61992.0,华南,False,Haikou,20.0,18.0,171.0,174.0,False,False
淮北,淮北市,2,50.0,27,16.0,27.0,16.0,27.0,57.45667266845703,61.999996185302734,1.0,1.0,uncovered_impact_space,Uncovered impact space,km^2,1.0,59.25925925925925,59.25925925925925,16.0,16.0,56807.0,华东,False,Huaibei,110.0,119.0,168.0,168.0,False,False
淮南,淮南市,1,11.0,9,9.0,9.0,9.0,9.0,65.128662109375,65.128662109375,1.0,1.0,uncovered_impact_space,Uncovered impact space,km^2,1.0,100.0,100.0,9.0,9.0,44132.0,华东,False,Huainan,143.0,144.0,16.0,17.0,False,False
深圳,深圳市,7,411.0,170,127.0,170.0,144.80755830710694,195.00000506892064,61.060455322265625,92.63880920410156,1.1438570236626397,1.9783086451696086,uncovered_impact_space,Uncovered impact space,km^2,1.0,74.70588235294117,74.26028438098055,127.0,144.80755830710694,156949.0,华南,False,Shenzhen,19.0,20.0,121.0,125.0,False,False
清远,清远市,3,39.0,25,22.0,25.0,22.276508676600354,25.364472320033297,65.15728123982747,72.8165054321289,1.0293212144776485,1.0854400941726416,uncovered_impact_space,Uncovered impact space,km^2,1.0,88.0,87.82563420018789,22.0,22.276508676600354,44764.0,华南,False,Qingyuan,86.0,96.0,65.0,65.0,False,False
温州,温州市,4,113.0,63,53.0,63.0,68.0,82.0,76.23961544036865,120.0,1.25,2.0,uncovered_impact_space,Uncovered impact space,km^2,1.0,84.12698412698413,82.92682926829268,53.0,68.0,71646.0,华东,False,Wenzhou,48.0,38.0,85.0,87.0,False,False
渭南,渭南市,2,42.0,19,11.0,19.0,11.0,19.0,25.027162551879883,30.15432548522949,1.0,1.0,uncovered_impact_space,Uncovered impact space,km^2,1.0,57.89473684210527,57.89473684210527,11.0,11.0,39792.0,西北,False,Weinan,136.0,138.0,169.0,169.0,False,False
湖州,湖州市,2,11.0,10,10.0,10.0,10.0,10.0,45.07565975189209,59.614501953125,1.0,1.0,uncovered_impact_space,Uncovered impact space,km^2,1.0,100.0,100.0,10.0,10.0,94997.0,华东,False,Huzhou,139.0,140.0,14.0,14.0,False,False
湛江,湛江市,1,9.0,6,6.0,6.0,6.0,6.0,61.492408752441406,61.492408752441406,1.0,1.0,uncovered_impact_space,Uncovered impact space,km^2,1.0,100.0,100.0,6.0,6.0,44415.0,华南,False,Zhanjiang,155.0,158.0,19.0,21.0,False,False
滁州,滁州市,1,3.0,3,3.0,3.0,3.0,3.0,57.46814727783203,57.46814727783203,1.0,1.0,uncovered_impact_space,Uncovered impact space,km^2,1.0,100.0,100.0,3.0,3.0,75992.0,华东,False,Chuzhou,169.0,170.0,29.0,29.0,False,False
滨州,滨州市,2,33.0,22,19.0,22.0,19.0,22.0,53.516042709350586,55.31999969482422,1.0,1.0,uncovered_impact_space,Uncovered impact space,km^2,1.0,86.36363636363636,86.36363636363636,19.0,19.0,63819.0,华东,False,Binzhou,98.0,108.0,75.0,75.0,False,False
漯河,漯河市,1,58.0,23,23.0,23.0,35.42263057256087,35.42263057256087,82.91059112548828,82.91059112548828,1.540114372720038,1.540114372720038,uncovered_impact_space,Uncovered impact space,km^2,1.0,100.0,100.0,23.0,35.42263057256087,66408.0,华中,False,Tahe,81.0,71.0,1.0,1.0,False,False
漳州,漳州市,2,25.0,13,13.0,13.0,13.0,13.0,52.001020431518555,53.09890365600586,1.0,1.0,uncovered_impact_space,Uncovered impact space,km^2,1.0,100.0,100.0,13.0,13.0,90012.0,华东,False,Zhangzhou,120.0,125.0,5.0,7.0,False,False
潍坊,潍坊市,2,130.0,51,36.0,51.0,64.4420234210252,91.55619178623849,89.23894119262695,90.40814208984376,1.8251662425555168,1.8778312971794089,uncovered_impact_space,Uncovered impact space,km^2,1.0,70.58823529411765,70.38521607744642,36.0,64.4420234210252,62536.0,华东,False,Weifang,64.0,43.0,138.0,140.0,False,False
濮阳,濮阳市,2,67.0,31,24.0,31.0,24.0,31.0,31.965561866760254,32.65576934814453,1.0,1.0,uncovered_impact_space,Uncovered impact space,km^2,1.0,77.41935483870968,77.41935483870968,24.0,24.0,43766.0,华中,False,Puyang,80.0,91.0,109.0,110.0,False,False
焦作,焦作市,2,13.0,10,8.0,10.0,8.0,10.0,43.73809623718262,43.88701248168945,1.0,1.0,uncovered_impact_space,Uncovered impact space,km^2,1.0,80.0,80.0,8.0,8.0,60329.0,华中,False,Jiaozuo,147.0,152.0,97.0,99.0,False,False
玉林,玉林市,2,48.0,20,18.0,20.0,26.92633284347513,30.042124448909522,69.17031669616699,83.30535125732422,1.2789479013585978,1.5578958027171956,uncovered_impact_space,Uncovered impact space,km^2,1.0,90.0,89.62859097820063,18.0,26.92633284347513,30363.0,华南,False,Yulin,102.0,84.0,58.0,60.0,False,False
珠海,珠海市,5,358.0,147,106.0,147.0,106.17180290373206,147.2290705383094,65.67051391601562,71.55536651611328,1.0057267634577352,1.028633817288676,uncovered_impact_space,Uncovered impact space,km^2,1.0,72.10884353741497,72.1133418254555,106.0,106.17180290373206,142120.0,华南,False,Zhuhai,24.0,26.0,132.0,133.0,False,False
盐城,盐城市,1,13.0,11,11.0,11.0,11.0,11.0,51.834266662597656,51.834266662597656,1.0,1.0,uncovered_impact_space,Uncovered impact space,km^2,1.0,100.0,100.0,11.0,11.0,88724.0,华东,False,Yancheng,131.0,134.0,10.0,12.0,False,False
眉山,眉山市,2,91.0,38,33.0,38.0,33.0,38.0,47.61364555358887,54.36734008789063,1.0,1.0,uncovered_impact_space,Uncovered impact space,km^2,1.0,86.8421052631579,86.8421052631579,33.0,33.0,48099.0,西南,False,Meishan,66.0,74.0,73.0,73.0,False,False
石家庄,石家庄市,6,1334.0,335,212.0,335.0,212.0,335.0,51.7627747853597,64.77916717529297,1.0,1.0,uncovered_impact_space,Uncovered impact space,km^2,1.0,63.28358208955224,63.28358208955224,212.0,212.0,52803.0,华北,False,Shijiazhuang,10.0,14.0,163.0,162.0,False,False
福州,福州市,5,1664.0,242,156.0,242.0,156.0,242.0,55.128614807128905,62.6599998474121,1.0,1.0,uncovered_impact_space,Uncovered impact space,km^2,1.0,64.46280991735537,64.46280991735537,156.0,156.0,120432.0,华东,False,Fuzhou,14.0,17.0,159.0,158.0,False,False
秦皇岛,秦皇岛市,3,138.0,36,19.0,36.0,27.784577298582825,48.444817839659,59.64064153035482,87.1716537475586,1.2440160360717452,1.7320481082152355,uncovered_impact_space,Uncovered impact space,km^2,1.0,52.77777777777778,57.353043189352604,19.0,27.784577298582825,53688.0,华北,False,Qinhuangdao,100.0,81.0,174.0,170.0,False,False
绍兴,绍兴市,1,1.0,1,1.0,1.0,1.7151017614172797,1.7151017614172797,86.7954330444336,86.7954330444336,1.7151017614172797,1.7151017614172797,uncovered_impact_space,Uncovered impact space,km^2,1.0,100.0,100.0,1.0,1.7151017614172797,113434.0,华东,False,Shaoxing,177.0,175.0,32.0,30.0,False,False
绵阳,绵阳市,5,421.0,139,91.0,139.0,91.0,139.0,54.095130157470706,64.24278259277344,1.0,1.0,uncovered_impact_space,Uncovered impact space,km^2,1.0,65.46762589928058,65.46762589928058,91.0,91.0,61808.0,西南,False,Mianyang,28.0,30.0,157.0,157.0,False,False
聊城,聊城市,2,43.0,17,15.0,17.0,22.0,26.0,83.57119560241698,110.0463409423828,1.5,2.0,uncovered_impact_space,Uncovered impact space,km^2,1.0,88.23529411764706,84.61538461538461,15.0,22.0,38938.0,华东,False,Liaocheng,114.0,98.0,64.0,79.0,False,False
自贡,自贡市,3,41.0,19,16.0,19.0,16.0,19.0,54.31352996826172,57.73483657836914,1.0,1.0,uncovered_impact_space,Uncovered impact space,km^2,1.0,84.21052631578947,84.21052631578947,16.0,16.0,58571.0,西南,False,Zigong,109.0,118.0,84.0,83.0,False,False
舟山,舟山市,2,80.0,51,36.0,51.0,49.0,71.0,86.7549991607666,110.0,1.5,2.0,uncovered_impact_space,Uncovered impact space,km^2,1.0,70.58823529411765,69.01408450704226,36.0,49.0,130354.0,华东,False,Zhoushan,65.0,57.0,139.0,143.0,False,False
芜湖,芜湖市,2,55.0,32,28.0,32.0,28.0,32.0,51.915761947631836,55.88072967529297,1.0,1.0,uncovered_impact_space,Uncovered impact space,km^2,1.0,87.5,87.5,28.0,28.0,102822.0,华东,False,Wuhu,72.0,79.0,67.0,66.0,False,False
苏州,苏州市,2,73.0,50,46.0,50.0,46.0,50.0,61.41836357116699,64.51640319824219,1.0,1.0,uncovered_impact_space,Uncovered impact space,km^2,1.0,92.0,92.0,46.0,46.0,158199.0,华东,False,Suzhou,54.0,60.0,51.0,51.0,False,False
茂名,茂名市,1,6.0,4,4.0,4.0,4.0,4.0,68.88009643554688,68.88009643554688,1.0,1.0,uncovered_impact_space,Uncovered impact space,km^2,1.0,100.0,100.0,4.0,4.0,53063.0,华南,False,Maoming,167.0,168.0,28.0,28.0,False,False
荆州,荆州市,1,410.0,38,36.0,38.0,62.4764458254208,65.94735948238862,87.24732971191406,87.24732971191406,1.735456828483911,1.735456828483911,uncovered_impact_space,Uncovered impact space,km^2,1.0,94.73684210526315,94.73684210526315,36.0,62.4764458254208,45911.0,华中,False,Jingzhou,61.0,46.0,43.0,44.0,False,False
荆门,荆门市,1,9.0,6,6.0,6.0,8.377896832309485,8.377896832309485,79.71817016601562,79.71817016601562,1.3963161387182474,1.3963161387182474,uncovered_impact_space,Uncovered impact space,km^2,1.0,100.0,100.0,6.0,8.377896832309485,75055.0,华中,False,Jingmen,156.0,149.0,20.0,19.0,False,False
莆田,莆田市,1,12.0,8,7.0,8.0,7.0,8.0,56.136268615722656,56.136268615722656,1.0,1.0,uncovered_impact_space,Uncovered impact space,km^2,1.0,87.5,87.5,7.0,7.0,82366.0,华东,False,Putian,151.0,156.0,71.0,70.0,False,False
萍乡,萍乡市,2,29.0,16,10.0,16.0,19.0,31.0,84.74447631835938,102.9370346069336,1.5,2.0,uncovered_impact_space,Uncovered impact space,km^2,1.0,62.5,61.29032258064516,10.0,19.0,53237.0,华东,False,Pingxiang,141.0,109.0,164.0,165.0,False,False
蚌埠,蚌埠市,2,49.0,28,16.0,28.0,16.0,28.0,57.87401580810547,60.766632080078125,1.0,1.0,uncovered_impact_space,Uncovered impact space,km^2,1.0,57.14285714285714,57.14285714285714,16.0,16.0,63113.0,华东,False,Bengbu,111.0,120.0,170.0,171.0,False,False
衡阳,衡阳市,1,18.0,10,8.0,10.0,8.044106826454625,10.05513353306828,71.04207611083984,71.04207611083984,1.0055133533068281,1.0055133533068281,uncovered_impact_space,Uncovered impact space,km^2,1.0,80.0,80.0,8.0,8.044106826454625,52838.0,华中,False,Hengyang,148.0,151.0,98.0,98.0,False,False
衢州,衢州市,2,44.0,19,18.0,19.0,22.333958517396724,23.333958517396724,72.81242942810059,90.16305541992188,1.4333958517396723,1.8667917034793446,uncovered_impact_space,Uncovered impact space,km^2,1.0,94.73684210526315,95.71440054093502,18.0,22.333958517396724,71891.0,华东,False,Quzhou,101.0,95.0,44.0,39.0,False,False
襄阳,襄阳市,4,250.0,77,47.0,77.0,47.0,77.0,57.591339111328125,69.48784637451172,1.0,1.0,uncovered_impact_space,Uncovered impact space,km^2,1.0,61.038961038961034,61.038961038961034,47.0,47.0,87489.0,华中,False,Xiangyang,53.0,59.0,167.0,166.0,False,False
西安,西安市,7,1635.0,368,262.0,368.0,262.0,368.0,30.531374795096262,40.45538711547851,1.0,1.0,uncovered_impact_space,Uncovered impact space,km^2,1.0,71.19565217391305,71.19565217391305,262.0,262.0,77317.0,西北,False,Xian,7.0,9.0,136.0,138.0,False,False
许昌,许昌市,2,19.0,10,9.0,10.0,9.0,10.0,56.33907890319824,66.06041717529297,1.0,1.0,uncovered_impact_space,Uncovered impact space,km^2,1.0,90.0,90.0,9.0,9.0,78749.0,华中,False,Xuchang,144.0,145.0,59.0,58.0,False,False
贵阳,贵阳市,5,217.0,92,68.0,92.0,68.11912779718077,92.18720082414121,44.7014274597168,71.29749298095705,1.003403651348022,1.01701825674011,uncovered_impact_space,Uncovered impact space,km^2,1.0,73.91304347826086,73.89217503970714,68.0,68.11912779718077,71980.0,西南,False,Guiyang,36.0,37.0,124.0,127.0,False,False
赣州,赣州市,3,32.0,17,17.0,17.0,27.97079994131736,27.97079994131736,71.90070470174153,93.06143951416016,1.332448483070223,1.997345449210669,uncovered_impact_space,Uncovered impact space,km^2,1.0,100.0,100.0,17.0,27.97079994131736,40637.0,华东,False,Ganzhou,106.0,80.0,2.0,2.0,False,False
达州,达州市,2,24.0,12,11.0,12.0,11.0,12.0,57.82400131225586,59.3602409362793,1.0,1.0,uncovered_impact_space,Uncovered impact space,km^2,1.0,91.66666666666666,91.66666666666666,11.0,11.0,39291.0,西南,False,Dazhou,134.0,136.0,53.0,54.0,False,False
连云港,连云港市,1,13.0,12,12.0,12.0,18.509146721265754,18.509146721265754,82.96197509765625,82.96197509765625,1.5424288934388128,1.5424288934388128,uncovered_impact_space,Uncovered impact space,km^2,1.0,100.0,100.0,12.0,18.509146721265754,71240.0,华东,False,Lianyungang,126.0,110.0,6.0,3.0,False,False
遂宁,遂宁市,2,82.0,26,21.0,26.0,21.0,26.0,58.51963424682617,69.85498809814453,1.0,1.0,uncovered_impact_space,Uncovered impact space,km^2,1.0,80.76923076923077,80.76923076923077,21.0,21.0,49758.0,西南,False,Suining,90.0,102.0,95.0,95.0,False,False
遵义,遵义市,1,6.0,3,2.0,3.0,2.0,3.0,64.06087493896484,64.06087493896484,1.0,1.0,uncovered_impact_space,Uncovered impact space,km^2,1.0,66.66666666666666,66.66666666666666,2.0,2.0,56279.0,西南,False,Zunyi,173.0,173.0,155.0,154.0,False,False
邢台,邢台市,3,222.0,77,61.0,77.0,79.0,98.0,72.54013315836589,109.89995574951172,1.3333333333333333,2.0,uncovered_impact_space,Uncovered impact space,km^2,1.0,79.22077922077922,80.61224489795919,61.0,79.0,30948.0,华北,False,Xingtai,42.0,33.0,101.0,96.0,False,False
邯郸,邯郸市,3,172.0,85,72.0,85.0,83.87450534637102,99.31175801955655,74.4989522298177,100.8520050048828,1.4930280747983906,2.0,uncovered_impact_space,Uncovered impact space,km^2,1.0,84.70588235294117,84.45576537861146,72.0,83.87450534637102,38646.0,华北,False,Handan,33.0,31.0,81.0,81.0,False,False
郑州,郑州市,9,9301.0,1029,754.0,1029.0,951.3843329697341,1275.3516561469664,47.86978891160753,93.46932220458984,1.145055324414683,2.0,uncovered_impact_space,Uncovered impact space,km^2,1.0,73.27502429543246,74.59780432982794,754.0,951.3843329697341,95111.0,华中,False,Zhengzhou,1.0,1.0,129.0,124.0,False,False
鄂尔多斯,鄂尔多斯市,2,36.0,28,27.0,28.0,27.0,28.0,52.853281021118164,55.17478942871094,1.0,1.0,uncovered_impact_space,Uncovered impact space,km^2,1.0,96.42857142857143,96.42857142857143,27.0,27.0,163595.0,华北,False,Eerduosi,73.0,82.0,34.0,34.0,False,False
重庆,重庆,5,118.0,52,47.0,52.0,55.21425593897941,60.21425593897941,67.54211654663087,83.07715606689455,1.1095234125197255,1.5476170625986274,uncovered_impact_space,Uncovered impact space,km^2,1.0,90.38461538461539,91.69631855109701,47.0,55.21425593897941,77914.0,西南,False,Chongqing,51.0,52.0,57.0,52.0,False,False
金华,金华市,4,126.0,66,56.0,66.0,61.32074239789914,73.9811135968487,70.97981643676758,90.60704040527344,1.221697599912464,1.8867903996498558,uncovered_impact_space,Uncovered impact space,km^2,1.0,84.84848484848484,82.88702266913587,56.0,61.32074239789914,66628.0,华东,False,Jinhua,46.0,49.0,80.0,88.0,False,False
钦州,钦州市,2,29.0,19,14.0,19.0,20.74571341999664,27.4321417749958,76.76638984680176,89.63961791992188,1.42160708874979,1.8432141774995798,uncovered_impact_space,Uncovered impact space,km^2,1.0,73.68421052631578,75.62556941473017,14.0,20.74571341999664,41932.0,华南,False,Qinzhou,118.0,104.0,128.0,116.0,False,False
铜仁,铜仁市,1,6.0,3,2.0,3.0,2.0,3.0,55.24677276611328,55.24677276611328,1.0,1.0,uncovered_impact_space,Uncovered impact space,km^2,1.0,66.66666666666666,66.66666666666666,2.0,2.0,40236.0,西南,False,Tongren,174.0,174.0,156.0,155.0,False,False
铜陵,铜陵市,2,56.0,25,21.0,25.0,37.0,44.0,77.21253967285156,99.64713287353516,1.5,2.0,uncovered_impact_space,Uncovered impact space,km^2,1.0,84.0,84.0909090909091,21.0,37.0,76618.0,华东,False,Tongling,89.0,68.0,86.0,84.0,False,False
银川,银川市,2,83.0,42,27.0,42.0,27.0,42.0,27.087204933166504,32.942771911621094,1.0,1.0,uncovered_impact_space,Uncovered impact space,km^2,1.0,64.28571428571429,64.28571428571429,27.0,27.0,68684.0,西北,False,Yinchuan,74.0,83.0,161.0,160.0,False,False
镇江,镇江市,1,42.0,35,32.0,35.0,32.0,35.0,63.77387237548828,63.77387237548828,1.0,1.0,uncovered_impact_space,Uncovered impact space,km^2,1.0,91.42857142857143,91.42857142857143,32.0,32.0,131466.0,华东,False,Zhenjiang,67.0,76.0,54.0,55.0,False,False
长春,长春市,5,194.0,118,81.0,118.0,81.0,118.0,35.83866577148437,38.58059310913086,1.0,1.0,uncovered_impact_space,Uncovered impact space,km^2,1.0,68.64406779661016,68.64406779661016,81.0,81.0,73187.0,东北,False,Changchun,29.0,32.0,144.0,144.0,False,False
长沙,长沙市,6,257.0,145,107.0,145.0,107.0,145.0,48.285962422688804,69.28343963623047,1.0,1.0,uncovered_impact_space,Uncovered impact space,km^2,1.0,73.79310344827587,73.79310344827587,107.0,107.0,120700.0,华中,False,Changsha,23.0,25.0,127.0,128.0,False,False
阜阳,阜阳市,2,17.0,10,7.0,10.0,8.20021903235714,11.500273790446425,63.04613685607911,77.5811004638672,1.1500273790446425,1.3000547580892847,uncovered_impact_space,Uncovered impact space,km^2,1.0,70.0,71.30455484607047,7.0,8.20021903235714,34209.0,华东,False,Fuyang,152.0,150.0,140.0,137.0,False,False
阳江,阳江市,2,36.0,24,19.0,24.0,21.712211823699022,27.314925562298804,70.57320404052734,77.6100082397461,1.1506784346499455,1.3013568692998911,uncovered_impact_space,Uncovered impact space,km^2,1.0,79.16666666666666,79.48845320547797,19.0,21.712211823699022,52124.0,华南,False,Yangjiang,99.0,100.0,104.0,102.0,False,False
随州,随州市,2,63.0,15,13.0,15.0,13.0,15.0,59.55177688598633,62.73806762695312,1.0,1.0,uncovered_impact_space,Uncovered impact space,km^2,1.0,86.66666666666667,86.66666666666667,13.0,13.0,54563.0,华中,False,Suizhou,122.0,126.0,74.0,74.0,False,False
雅安,雅安市,2,85.0,19,13.0,19.0,13.0,19.0,49.51776123046875,51.48645782470704,1.0,1.0,uncovered_impact_space,Uncovered impact space,km^2,1.0,68.42105263157895,68.42105263157895,13.0,13.0,52768.0,西南,False,Yaan,125.0,129.0,146.0,145.0,False,False
青岛,青岛市,5,333.0,186,140.0,186.0,146.22925819147028,194.36933063132943,68.4628189086914,76.67479705810547,1.0767941479018948,1.2592315612512734,uncovered_impact_space,Uncovered impact space,km^2,1.0,75.26881720430107,75.2326808537665,140.0,146.22925819147028,122656.0,华东,False,Qingdao,16.0,19.0,117.0,119.0,False,False
马鞍山,马鞍山市,3,102.0,43,29.0,43.0,29.0,43.0,53.91607793172201,56.69150924682618,1.0,1.0,uncovered_impact_space,Uncovered impact space,km^2,1.0,67.44186046511628,67.44186046511628,29.0,29.0,101245.0,华东,False,Maanshan,70.0,78.0,149.0,150.0,False,False
驻马店,驻马店市,2,34.0,11,11.0,11.0,16.452952391975543,16.452952391975543,71.9221420288086,86.05209350585938,1.3408095244984715,1.681619048996943,uncovered_impact_space,Uncovered impact space,km^2,1.0,100.0,100.0,11.0,16.452952391975543,40788.0,华中,False,Zhumadian,132.0,116.0,11.0,4.0,False,True
鹤壁,鹤壁市,2,251.0,74,67.0,74.0,67.0,74.0,56.59130859374999,62.013042449951165,1.0,1.0,uncovered_impact_space,Uncovered impact space,km^2,1.0,90.54054054054053,90.54054054054053,67.0,67.0,62482.0,华中,False,Hebi,37.0,40.0,56.0,57.0,False,False
黄冈,黄冈市,2,40.0,23,22.0,23.0,22.0,23.0,60.30141639709473,61.6356086730957,1.0,1.0,uncovered_impact_space,Uncovered impact space,km^2,1.0,95.65217391304348,95.65217391304348,22.0,22.0,37470.0,华中,False,Huanggang,85.0,97.0,38.0,40.0,False,False
黄山,黄山市,2,127.0,20,19.0,20.0,22.764198347449387,23.764198347449387,68.75741195678711,81.36565399169922,1.2352623967155867,1.4705247934311736,uncovered_impact_space,Uncovered impact space,km^2,1.0,95.0,95.79198933883949,19.0,22.764198347449387,63939.0,华东,False,Huangshan,97.0,94.0,42.0,38.0,False,False
黄石,黄石市,2,54.0,23,17.0,23.0,17.0,23.0,58.06417465209961,63.436302185058594,1.0,1.0,uncovered_impact_space,Uncovered impact space,km^2,1.0,73.91304347826086,73.91304347826086,17.0,17.0,66450.0,华中,False,Huangshi,107.0,115.0,125.0,126.0,False,False
三亚,三亚市,3,44.0,26,750.5671310424805,1890.633427619934,1045.1218710454596,2388.310367034502,75.77968088785808,90.66284942626952,1.3550662074923316,1.8893042406383986,population_outside,Population outside historical hotspots,10^3 persons,1000.0,39.69924153871269,43.75988504137165,0.7505671310424805,1.0451218710454595,66866.0,华南,False,Sanya,110.0,95.0,170.0,166.0,False,False
三明,三明市,1,11.0,7,83.7808643579483,156.44375264644623,83.7808643579483,156.44375264644623,51.83521270751954,51.83521270751954,1.0,1.0,population_outside,Population outside historical hotspots,10^3 persons,1000.0,53.55334613283548,53.55334613283548,0.0837808643579483,0.0837808643579483,108521.0,华东,False,Sanming,167.0,167.0,153.0,153.0,False,False
上海,上海,4,126.0,62,12278.918016791344,12936.720552802086,12693.211959507105,13483.567922110546,68.92889022827148,78.74647521972656,1.0881368673527385,1.3525474694109538,population_outside,Population outside historical hotspots,10^3 persons,1000.0,94.91522961073575,94.13837667322903,12.278918016791344,12.693211959507105,155549.0,华东,False,Shanghai,14.0,18.0,46.0,49.0,False,False
上饶,上饶市,2,54.0,30,1643.68226480484,1839.8764328956604,2022.5321116271652,2263.8271797129887,76.02314758300781,76.06207275390625,1.229878902282791,1.231632233345477,population_outside,Population outside historical hotspots,10^3 persons,1000.0,89.3365573587981,89.34127700876817,1.6436822648048401,2.0225321116271653,40436.0,华东,False,Shangrao,66.0,67.0,66.0,65.0,False,False
东莞,东莞市,4,98.0,57,2746.2184377908707,4488.6570917367935,2754.032507342213,4496.4711612881365,62.82234001159668,72.65945434570312,1.0195914857185135,1.0783659428740546,population_outside,Population outside historical hotspots,10^3 persons,1000.0,61.18129279348176,61.24875282316379,2.7462184377908705,2.754032507342213,92081.0,华南,False,Dongguan,48.0,56.0,134.0,135.0,False,False
中山,中山市,3,27.0,21,930.2169303894043,1096.203712463379,930.2169303894043,1096.203712463379,58.64549763997396,66.0999984741211,1.0,1.0,population_outside,Population outside historical hotspots,10^3 persons,1000.0,84.85803503611837,84.85803503611837,0.9302169303894043,0.9302169303894043,71142.0,华南,False,Zhongshan,96.0,103.0,72.0,72.0,False,False
临沂,临沂市,3,189.0,76,3144.902341902256,3316.659758388996,3450.2642202556735,3630.7369299770517,60.42700449625651,74.95748138427734,1.0606258088293403,1.1818774264880212,population_outside,Population outside historical hotspots,10^3 persons,1000.0,94.82137364098607,95.02930911266769,3.144902341902256,3.4502642202556735,43565.0,华东,False,Linyi,45.0,47.0,47.0,46.0,False,False
丽水,丽水市,1,17.0,8,337.65672183036804,364.9928538799286,337.65672183036804,364.9928538799286,58.64066696166992,58.64066696166992,1.0,1.0,population_outside,Population outside historical hotspots,10^3 persons,1000.0,92.51050212107624,92.51050212107624,0.33765672183036805,0.33765672183036805,61355.0,华东,False,Lishui,141.0,143.0,55.0,56.0,False,False
乌海,乌海市,2,187.0,41,588.0543371140957,630.893881291151,588.0543371140957,630.893881291151,21.711000442504883,25.23545455932617,1.0,1.0,population_outside,Population outside historical hotspots,10^3 persons,1000.0,93.20970682274134,93.20970682274134,0.5880543371140957,0.5880543371140957,100561.0,华北,False,Wuhai,120.0,126.0,52.0,53.0,False,False
乐山,乐山市,2,69.0,18,1078.9217908382416,1534.5527617931366,1078.9217908382416,1534.5527617931366,55.22667121887208,57.51617813110352,1.0,1.0,population_outside,Population outside historical hotspots,10^3 persons,1000.0,70.30854967655287,70.30854967655287,1.0789217908382416,1.0789217908382416,63399.0,西南,False,Leshan,87.0,94.0,121.0,119.0,False,False
九江,九江市,3,38.0,26,1120.9466334879398,1312.8806659281254,2072.525512410367,2414.5649093247844,84.7841313680013,89.90491485595705,1.624505429421145,1.8551641149834652,population_outside,Population outside historical hotspots,10^3 persons,1000.0,85.3806947256322,85.83432586162837,1.1209466334879399,2.0725255124103668,70445.0,华东,False,Jiujiang,85.0,65.0,71.0,71.0,False,False
伊春,伊春市,1,11.0,4,24.90408724918961,24.90408724918961,24.90408724918961,24.90408724918961,56.28245544433594,56.28245544433594,1.0,1.0,population_outside,Population outside historical hotspots,10^3 persons,1000.0,100.0,100.0,0.024904087249189612,0.024904087249189612,33930.0,东北,False,Yichun,172.0,173.0,29.0,29.0,False,False
佛山,佛山市,3,328.0,130,7212.508754730225,10216.28516292572,7254.724025395267,10406.191019312024,57.5484364827474,75.78427124023438,1.0730396814238927,1.219119044271678,population_outside,Population outside historical hotspots,10^3 persons,1000.0,70.5981542185606,69.71546084375926,7.212508754730225,7.254724025395267,113618.0,华南,False,Foshan,26.0,30.0,118.0,121.0,False,False
保定,保定市,3,55.0,31,1507.3716180324557,2086.2552132606506,1507.3716180324557,2086.2552132606506,67.2603530883789,68.80370330810547,1.0,1.0,population_outside,Population outside historical hotspots,10^3 persons,1000.0,72.25250335871199,72.25250335871199,1.5073716180324557,1.5073716180324557,29033.0,华北,False,Baoding,71.0,79.0,113.0,113.0,False,False
信阳,信阳市,2,24.0,14,355.98584121465683,412.23477309942245,532.8226281622915,602.2109242409181,86.65858840942383,97.2115707397461,1.616796566206616,2.0,population_outside,Population outside historical hotspots,10^3 persons,1000.0,86.3551219947184,88.47774205257237,0.3559858412146568,0.5328226281622915,44962.0,华中,False,Xinyang,140.0,128.0,69.0,67.0,False,False
儋州,儋州市,1,8.0,5,153.35023736953735,153.35023736953735,265.79433198847823,265.79433198847823,87.1983413696289,87.1983413696289,1.733250215635321,1.733250215635321,population_outside,Population outside historical hotspots,10^3 persons,1000.0,100.0,100.0,0.15335023736953735,0.26579433198847824,40842.0,华南,False,Danzhou,163.0,155.0,24.0,19.0,False,False
六安,六安市,3,188.0,68,1968.7770220339298,2122.886036545038,1968.7770220339298,2122.886036545038,58.96197001139323,67.09221649169922,1.0,1.0,population_outside,Population outside historical hotspots,10^3 persons,1000.0,92.74058937417487,92.74058937417487,1.9687770220339298,1.9687770220339298,38028.0,华东,False,Luan,60.0,68.0,54.0,55.0,False,False
兰州,兰州市,2,543.0,72,7983.775241136551,9465.040643930435,7983.775241136551,9465.040643930435,23.5462007522583,24.49703025817871,1.0,1.0,population_outside,Population outside historical hotspots,10^3 persons,1000.0,84.35014218619587,84.35014218619587,7.983775241136551,7.983775241136551,66058.0,西北,False,Lanzhou,25.0,27.0,75.0,75.0,False,False
北京,北京,6,2572.0,805,60417.5478194952,77729.13809382915,64498.40595238197,82870.38950168267,62.35361289978027,74.80223083496094,1.0448108909420173,1.1748843779198914,population_outside,Population outside historical hotspots,10^3 persons,1000.0,77.72831308969795,77.83046072333512,60.4175478194952,64.49840595238197,164927.0,华北,False,Beijing,1.0,1.0,90.0,87.0,False,False
北海,北海市,3,45.0,28,509.56374502182007,1081.8763937950134,849.3062471335388,1657.3998884421774,80.8943099975586,100.46524047851562,1.5763172569736923,2.0,population_outside,Population outside historical hotspots,10^3 persons,1000.0,47.09999663033305,51.24329095567989,0.5095637450218201,0.8493062471335389,69022.0,华南,False,Beihai,125.0,108.0,161.0,158.0,False,False
南京,南京市,6,294.0,152,7992.309238314629,17655.35996425152,8425.43338352931,19039.880223714976,59.54927062988281,82.61363220214844,1.0877897107233996,1.5267382643403973,population_outside,Population outside historical hotspots,10^3 persons,1000.0,45.26845815943382,44.251504129921344,7.992309238314629,8.42543338352931,158991.0,华东,False,Nanjing,24.0,26.0,164.0,165.0,False,False
南充,南充市,1,22.0,12,1597.0387210845947,1611.8972034454346,1597.0387210845947,1611.8972034454346,51.04774856567384,51.04774856567384,1.0,1.0,population_outside,Population outside historical hotspots,10^3 persons,1000.0,99.07819913521286,99.07819913521286,1.5970387210845947,1.5970387210845947,42800.0,西南,False,Nanchong,67.0,75.0,37.0,37.0,False,False
南宁,南宁市,6,281.0,127,8291.127398164477,13580.06916134688,9571.97838476716,16778.629895607894,78.3320738474528,113.52899169921876,1.298562774275144,2.0,population_outside,Population outside historical hotspots,10^3 persons,1000.0,61.05364633755781,57.04862938345637,8.291127398164477,9.57197838476716,54015.0,华南,False,Nanning,23.0,20.0,135.0,145.0,False,False
南平,南平市,1,22.0,9,275.86001455783844,275.86001455783844,275.86001455783844,275.86001455783844,69.65949249267578,69.65949249267578,1.0,1.0,population_outside,Population outside historical hotspots,10^3 persons,1000.0,100.0,100.0,0.27586001455783843,0.27586001455783843,74902.0,华东,False,Nanping,150.0,152.0,16.0,18.0,False,False
南昌,南昌市,6,748.0,282,12376.017532497644,36614.92574778199,19350.92419844318,52562.40300301822,72.98107210795085,94.73480224609376,1.3825298171954765,2.0,population_outside,Population outside historical hotspots,10^3 persons,1000.0,33.80047147370589,36.815143701348696,12.376017532497645,19.350924198443177,91781.0,华东,False,Nanchang,13.0,10.0,173.0,173.0,True,False
南通,南通市,1,14.0,10,1251.6711893081665,1251.6711893081665,1609.8675746960807,1609.8675746960807,77.27294921875,77.27294921875,1.2861745068893846,1.2861745068893846,population_outside,Population outside historical hotspots,10^3 persons,1000.0,100.0,100.0,1.2516711893081665,1.6098675746960807,129835.0,华东,False,Nantong,82.0,72.0,4.0,3.0,False,False
南阳,南阳市,3,172.0,52,1765.8822157382965,2301.6724989414215,1765.8822157382965,2301.6724989414215,49.92011260986328,70.75160217285156,1.0,1.0,population_outside,Population outside historical hotspots,10^3 persons,1000.0,76.72169765900475,76.72169765900475,1.7658822157382965,1.7658822157382965,40389.0,华中,False,Nanyang,62.0,71.0,95.0,93.0,False,False
厦门,厦门市,7,368.0,112,5708.940559267998,40286.2703127861,5968.717923377076,41322.493611343896,48.129429408482146,88.93655395507812,1.1159350890271102,1.8115456231897722,population_outside,Population outside historical hotspots,10^3 persons,1000.0,14.170933459323207,14.444234608674575,5.708940559267997,5.968717923377076,123243.0,华东,False,Xiamen,31.0,32.0,176.0,176.0,False,False
台州,台州市,1,217.0,108,4478.054069757462,4585.068252801895,8956.108139514923,9170.13650560379,113.9600067138672,113.9600067138672,2.0,2.0,population_outside,Population outside historical hotspots,10^3 persons,1000.0,97.666028570479,97.666028570479,4.478054069757461,8.956108139514923,79377.0,华东,False,Taizhou,37.0,23.0,41.0,42.0,False,False
合肥,合肥市,3,240.0,79,4141.070959329605,6839.692100048065,4141.070959329605,6839.692100048065,66.79465993245442,68.9690933227539,1.0,1.0,population_outside,Population outside historical hotspots,10^3 persons,1000.0,60.54469848577693,60.54469848577693,4.141070959329605,4.141070959329605,107211.0,华东,False,Hefei,38.0,40.0,136.0,136.0,False,False
吉安,吉安市,1,26.0,15,171.90827526524663,171.90827526524663,171.90827526524663,171.90827526524663,51.74658203125,51.74658203125,1.0,1.0,population_outside,Population outside historical hotspots,10^3 persons,1000.0,100.0,100.0,0.17190827526524663,0.17190827526524663,48535.0,华东,False,Jian,162.0,163.0,23.0,24.0,False,False
吉林,吉林市,2,47.0,23,749.885039811954,911.3704600390047,749.885039811954,911.3704600390047,37.55934143066406,40.41184997558594,1.0,1.0,population_outside,Population outside historical hotspots,10^3 persons,1000.0,82.28103418886987,82.28103418886987,0.749885039811954,0.749885039811954,20079.0,东北,False,Jilin,111.0,115.0,80.0,80.0,False,False
周口,周口市,1,19.0,16,846.8609070777893,932.1706280708312,1606.9459989451643,1768.8239575038353,90.84552001953124,90.84552001953124,1.8975323875678165,1.8975323875678165,population_outside,Population outside historical hotspots,10^3 persons,1000.0,90.84827193390612,90.84827193390612,0.8468609070777893,1.6069459989451642,36221.0,华中,False,Zhoukou,102.0,73.0,62.0,61.0,False,False
呼伦贝尔,呼伦贝尔市,1,1.0,1,9.46131992340088,9.46131992340088,9.46131992340088,9.46131992340088,53.30622100830078,53.30622100830078,1.0,1.0,population_outside,Population outside historical hotspots,10^3 persons,1000.0,100.0,100.0,0.009461319923400881,0.009461319923400881,52330.0,华北,False,Hulunbeier,176.0,177.0,31.0,32.0,False,False
呼和浩特,呼和浩特市,3,104.0,72,5772.695360437036,6265.1659494787455,5772.695360437036,6265.1659494787455,45.678393046061196,49.11623764038086,1.0,1.0,population_outside,Population outside historical hotspots,10^3 persons,1000.0,92.13954437898516,92.13954437898516,5.7726953604370355,5.7726953604370355,81179.0,华北,False,Huhehaote,30.0,33.0,57.0,57.0,False,False
咸宁,咸宁市,2,83.0,33,1558.4798014760015,1567.6714108586311,1573.5434554321555,1582.8003538874555,51.923038482666016,71.56754302978516,1.014591145843088,1.0291822916861764,population_outside,Population outside historical hotspots,10^3 persons,1000.0,99.41367755264508,99.41515691271078,1.5584798014760015,1.5735434554321555,56890.0,华中,False,Xianning,69.0,77.0,34.0,34.0,False,False
咸阳,咸阳市,2,31.0,19,389.5959801673889,541.0715432167053,389.5959801673889,541.0715432167053,40.37395095825195,47.83387756347656,1.0,1.0,population_outside,Population outside historical hotspots,10^3 persons,1000.0,72.0045223319666,72.0045223319666,0.3895959801673889,0.3895959801673889,55677.0,西北,False,Xianyang,137.0,140.0,114.0,114.0,False,False
哈尔滨,哈尔滨市,2,53.0,43,3372.0723066329956,4094.318450927735,4004.100218772888,4884.5439376831055,82.74348831176758,98.58970642089844,1.5,2.0,population_outside,Population outside historical hotspots,10^3 persons,1000.0,82.35979558133577,81.97490430748711,3.3720723066329956,4.004100218772888,51786.0,东北,False,Haerbin,43.0,42.0,79.0,81.0,False,False
唐山,唐山市,2,27.0,27,1145.8613584041595,1468.4509298801422,2242.314557484071,2887.4937004360363,92.31704330444336,93.4897689819336,1.9554956584780514,2.0,population_outside,Population outside historical hotspots,10^3 persons,1000.0,78.03198153156448,77.65608483043486,1.1458613584041595,2.242314557484071,93405.0,华北,False,Tangshan,83.0,63.0,89.0,88.0,False,False
商丘,商丘市,4,330.0,101,1735.5171755850313,3164.9408537447453,1767.9244831390754,3233.392521951436,62.73172378540039,73.09719848632812,1.0245208821832663,1.098083528733065,population_outside,Population outside historical hotspots,10^3 persons,1000.0,54.83569064273585,54.67707589278666,1.7355171755850314,1.7679244831390755,37408.0,华中,False,Shangqiu,63.0,70.0,151.0,151.0,False,False
嘉兴,嘉兴市,2,16.0,11,436.0984926223755,436.0984926223755,436.0984926223755,436.0984926223755,57.63397789001465,59.53095626831056,1.0,1.0,population_outside,Population outside historical hotspots,10^3 persons,1000.0,100.0,100.0,0.4360984926223755,0.4360984926223755,101839.0,华东,False,Jiaxing,133.0,135.0,8.0,9.0,False,False
大庆,大庆市,1,12.0,10,184.4845553636551,184.4845553636551,184.4845553636551,184.4845553636551,51.94760894775391,51.94760894775391,1.0,1.0,population_outside,Population outside historical hotspots,10^3 persons,1000.0,100.0,100.0,0.1844845553636551,0.1844845553636551,82773.0,东北,False,Daqing,160.0,161.0,21.0,22.0,False,False
大连,大连市,3,597.0,235,10629.940152943134,18972.504129230976,15616.35354917038,26499.383513947756,69.01069895426433,86.8176040649414,1.2387001415666488,1.7161004246999463,population_outside,Population outside historical hotspots,10^3 persons,1000.0,56.028134612792435,58.93100698342973,10.629940152943135,15.61635354917038,94368.0,东北,False,Dalian,18.0,14.0,146.0,140.0,False,False
天津,天津,5,1087.0,411,34913.47354114149,54180.52302444074,60731.39284294176,93282.4969927112,78.76815490722656,93.4897689819336,1.4628955661102894,2.0,population_outside,Population outside historical hotspots,10^3 persons,1000.0,64.4391592997212,65.10481044229243,34.913473541141485,60.73139284294176,101541.0,华北,False,Tianjin,5.0,2.0,129.0,128.0,False,False
太原,太原市,4,631.0,237,17701.039090514183,25636.35275876522,17701.039090514183,25636.35275876522,32.626954078674316,44.09000015258789,1.0,1.0,population_outside,Population outside historical hotspots,10^3 persons,1000.0,69.0466356781664,69.0466356781664,17.701039090514183,17.701039090514183,78069.0,华北,False,Taiyuan,11.0,12.0,122.0,122.0,False,False
威海,威海市,1,32.0,20,1464.212674617767,1905.3496680259705,1464.212674617767,1905.3496680259705,61.84230041503906,61.84230041503906,1.0,1.0,population_outside,Population outside historical hotspots,10^3 persons,1000.0,76.8474521600415,76.8474521600415,1.464212674617767,1.464212674617767,103704.0,华东,False,Weihai,72.0,80.0,94.0,92.0,False,False
孝感,孝感市,2,99.0,34,1455.1945641040802,2930.8265221118927,1606.210137266633,3321.0363476233424,68.45417594909668,78.00809478759766,1.1596440665775063,1.3192881331550126,population_outside,Population outside historical hotspots,10^3 persons,1000.0,49.65133736593516,48.364726222165466,1.4551945641040802,1.6062101372666329,52984.0,华中,False,Xiaogan,73.0,74.0,159.0,160.0,False,False
宁德,宁德市,2,30.0,13,369.4612965583801,630.1681771278381,369.4612965583801,630.1681771278381,47.431650161743164,55.36602783203125,1.0,1.0,population_outside,Population outside historical hotspots,10^3 persons,1000.0,58.62899936367779,58.62899936367779,0.3694612965583801,0.3694612965583801,83142.0,华东,False,Ningde,138.0,141.0,138.0,141.0,False,False
宁波,宁波市,5,872.0,358,12034.514540195465,21184.350751519203,15308.537867094617,26923.51140758337,67.78364334106445,84.60758972167967,1.2090412224215918,1.616553352520543,population_outside,Population outside historical hotspots,10^3 persons,1000.0,56.808512478639116,56.85936591013445,12.034514540195465,15.308537867094618,131726.0,华东,False,Ningbo,15.0,15.0,143.0,146.0,False,False
安庆,安庆市,2,104.0,42,1100.6146910339594,1440.5653112083673,1281.7940527258493,1700.5474667684286,75.10396575927734,78.83638000488281,1.188475614728627,1.3565971074436256,population_outside,Population outside historical hotspots,10^3 persons,1000.0,76.40158224487216,75.37537632875714,1.1006146910339594,1.2817940527258493,59176.0,华东,False,Anqing,86.0,89.0,98.0,101.0,False,False
安阳,安阳市,2,343.0,158,5254.677011907101,7194.442921578884,5254.677011907101,7194.442921578884,48.63548278808594,64.88201904296875,1.0,1.0,population_outside,Population outside historical hotspots,10^3 persons,1000.0,73.03799709281613,73.03799709281613,5.2546770119071,5.2546770119071,41979.0,华中,False,Anyang,34.0,35.0,111.0,110.0,False,False
安顺,安顺市,1,1.0,1,12.42518711090088,12.42518711090088,12.42518711090088,12.42518711090088,70.3630142211914,70.3630142211914,1.0,1.0,population_outside,Population outside historical hotspots,10^3 persons,1000.0,100.0,100.0,0.012425187110900881,0.012425187110900881,39139.0,西南,False,Anshun,175.0,176.0,30.0,31.0,False,False
宜宾,宜宾市,2,82.0,15,1000.7514183521271,1070.914962053299,1000.7514183521271,1070.914962053299,51.94028854370117,56.21794891357422,1.0,1.0,population_outside,Population outside historical hotspots,10^3 persons,1000.0,93.44826188938055,93.44826188938055,1.000751418352127,1.000751418352127,61048.0,西南,False,Yibin,92.0,98.0,50.0,51.0,False,False
宜昌,宜昌市,2,240.0,51,2792.4296268224716,3889.4615539312363,3749.9403628996224,5282.484067959422,62.96310234069824,80.45974731445312,1.2148597333431572,1.4297194666863144,population_outside,Population outside historical hotspots,10^3 persons,1000.0,71.79476099975972,70.98820014706058,2.7924296268224715,3.7499403628996224,106802.0,华中,False,Yichang,47.0,44.0,115.0,117.0,False,False
宜春,宜春市,1,46.0,4,17.903741359710693,233.30881643295288,25.188110031475862,328.2335251363116,79.95231628417967,79.95231628417967,1.4068629302340903,1.4068629302340903,population_outside,Population outside historical hotspots,10^3 persons,1000.0,7.673838320145858,7.673838320145856,0.017903741359710693,0.025188110031475863,55686.0,华东,False,Yichun,174.0,172.0,177.0,177.0,False,False
宝鸡,宝鸡市,3,40.0,26,930.0200996398926,1491.5848994255066,930.0200996398926,1491.5848994255066,44.44083023071289,54.84000015258789,1.0,1.0,population_outside,Population outside historical hotspots,10^3 persons,1000.0,62.35113401845888,62.35113401845888,0.9300200996398926,0.9300200996398926,68582.0,西北,False,Baoji,97.0,104.0,131.0,132.0,False,False
宣城,宣城市,2,18.0,8,231.86983108520508,449.2765693664551,231.86983108520508,449.2765693664551,60.74458312988281,61.32528305053711,1.0,1.0,population_outside,Population outside historical hotspots,10^3 persons,1000.0,51.60959793923263,51.60959793923263,0.2318698310852051,0.2318698310852051,64300.0,华东,False,Xuancheng,156.0,158.0,157.0,157.0,False,False
岳阳,岳阳市,2,79.0,31,1516.2916955947876,2713.8119235038757,2958.8850512504578,4693.954071521759,81.15538597106934,103.49646759033205,1.5,2.0,population_outside,Population outside historical hotspots,10^3 persons,1000.0,55.873131165149516,63.036088682716915,1.5162916955947876,2.9588850512504576,79238.0,华中,False,Yueyang,70.0,52.0,147.0,130.0,False,False
崇左,崇左市,1,10.0,4,71.65605379641056,71.65605379641056,78.20197777366319,78.20197777366319,72.94775390625,72.94775390625,1.0913520021050969,1.0913520021050969,population_outside,Population outside historical hotspots,10^3 persons,1000.0,100.0,100.0,0.07165605379641056,0.0782019777736632,38708.0,华南,False,Chongzuo,168.0,168.0,27.0,27.0,False,False
巴中,巴中市,1,10.0,4,114.8636245727539,114.8636245727539,114.8636245727539,114.8636245727539,64.32393646240234,64.32393646240234,1.0,1.0,population_outside,Population outside historical hotspots,10^3 persons,1000.0,100.0,100.0,0.11486362457275391,0.11486362457275391,28302.0,西南,False,Bazhong,165.0,165.0,26.0,26.0,False,False
常州,常州市,2,33.0,25,1032.0799509584904,1095.765650421381,1032.0799509584904,1095.765650421381,58.64192008972168,65.37018585205078,1.0,1.0,population_outside,Population outside historical hotspots,10^3 persons,1000.0,94.18801826481784,94.18801826481784,1.0320799509584904,1.0320799509584904,147828.0,华东,False,Changzhou,89.0,96.0,49.0,48.0,False,False
平顶山,平顶山市,2,18.0,11,430.4052724838257,430.4052724838257,430.4052724838257,430.4052724838257,50.464420318603516,53.93280029296874,1.0,1.0,population_outside,Population outside historical hotspots,10^3 persons,1000.0,100.0,100.0,0.4304052724838257,0.4304052724838257,49215.0,华中,False,Pingdingshan,134.0,136.0,9.0,10.0,False,False
广元,广元市,2,12.0,5,26.66439729928971,31.546332895755775,26.66439729928971,31.546332895755775,53.69725036621094,54.42211532592773,1.0,1.0,population_outside,Population outside historical hotspots,10^3 persons,1000.0,84.52455436706914,84.52455436706914,0.02666439729928971,0.02666439729928971,43636.0,西南,False,Guangyuan,170.0,170.0,74.0,74.0,False,False
广安,广安市,2,18.0,6,229.28780126571655,229.28780126571655,397.82971811294556,397.82971811294556,79.96369934082031,93.12347412109376,1.5,2.0,population_outside,Population outside historical hotspots,10^3 persons,1000.0,100.0,100.0,0.22928780126571655,0.39782971811294554,40048.0,西南,False,Guangan,157.0,139.0,19.0,12.0,False,False
广州,广州市,6,917.0,362,43072.42375028134,61198.70376718044,50365.25345580571,70744.27380459232,65.2979081471761,90.1312484741211,1.1442265005210792,1.8653590031264755,population_outside,Population outside historical hotspots,10^3 persons,1000.0,70.3812680643412,71.19339947558593,43.07242375028134,50.36525345580571,133506.0,华南,False,Guangzhou,3.0,4.0,120.0,116.0,False,False
庆阳,庆阳市,1,3.0,3,53.51657295227052,242.5778369903565,53.51657295227052,242.5778369903565,50.959999084472656,50.959999084472656,1.0,1.0,population_outside,Population outside historical hotspots,10^3 persons,1000.0,22.061608602107384,22.061608602107384,0.053516572952270525,0.053516572952270525,34620.0,西北,False,Qingyang,169.0,169.0,175.0,175.0,False,False
廊坊,廊坊市,2,160.0,48,1365.7202418744564,1925.2267548143864,1365.7202418744564,1925.2267548143864,68.9351921081543,70.259033203125,1.0,1.0,population_outside,Population outside historical hotspots,10^3 persons,1000.0,70.93814993268818,70.93814993268818,1.3657202418744565,1.3657202418744565,60129.0,华北,False,Langfang,77.0,83.0,117.0,118.0,False,False
延安,延安市,1,4.0,4,257.36172914505005,257.36172914505005,257.36172914505005,257.36172914505005,55.77000045776368,55.77000045776368,1.0,1.0,population_outside,Population outside historical hotspots,10^3 persons,1000.0,100.0,100.0,0.25736172914505007,0.25736172914505007,70240.0,西北,False,Yanan,153.0,156.0,17.0,20.0,False,False
开封,开封市,2,181.0,34,876.765154838562,2201.6763772964478,1236.1831336484906,3079.918865226128,82.93410110473633,86.25491333007812,1.5411733475670917,1.6907547904650815,population_outside,Population outside historical hotspots,10^3 persons,1000.0,39.82261716025619,40.1368733314905,0.876765154838562,1.2361831336484905,49106.0,华中,False,Kaifeng,100.0,90.0,169.0,170.0,False,False
张家界,张家界市,1,8.0,5,192.27002692222595,192.27002692222595,192.27002692222595,192.27002692222595,63.89422225952149,63.89422225952149,1.0,1.0,population_outside,Population outside historical hotspots,10^3 persons,1000.0,100.0,100.0,0.19227002692222595,0.19227002692222595,36623.0,华中,False,Zhangjiajie,159.0,160.0,20.0,21.0,False,False
徐州,徐州市,2,36.0,27,1350.7488283514977,1772.6253622174263,1350.7488283514977,1772.6253622174263,49.87173271179199,54.0761833190918,1.0,1.0,population_outside,Population outside historical hotspots,10^3 persons,1000.0,76.20046836415611,76.20046836415611,1.3507488283514977,1.3507488283514977,80614.0,华东,False,Xuzhou,78.0,84.0,99.0,97.0,False,False
德州,德州市,2,28.0,17,805.1651228666306,975.2778548002243,805.1651228666306,975.2778548002243,54.99170112609863,62.88340377807618,1.0,1.0,population_outside,Population outside historical hotspots,10^3 persons,1000.0,82.55751106248181,82.55751106248181,0.8051651228666306,0.8051651228666306,54883.0,华东,False,Dezhou,106.0,111.0,78.0,78.0,False,False
德阳,德阳市,3,303.0,94,3524.152467906475,4388.930569827557,3524.152467906475,4388.930569827557,58.2171262105306,61.682899475097656,1.0,1.0,population_outside,Population outside historical hotspots,10^3 persons,1000.0,80.29638226983711,80.29638226983711,3.524152467906475,3.524152467906475,69483.0,西南,False,Deyang,42.0,46.0,83.0,83.0,False,False
怀化,怀化市,2,27.0,22,1000.1655386090277,1006.2664301991462,1000.1655386090277,1006.2664301991462,52.20021057128906,62.18960571289063,1.0,1.0,population_outside,Population outside historical hotspots,10^3 persons,1000.0,99.39371011423773,99.39371011423773,1.0001655386090278,1.0001655386090278,36503.0,华中,False,Huaihua,93.0,99.0,35.0,35.0,False,False
恩施土家族苗族,恩施土家族苗族自治州,1,214.0,14,314.08033895492554,314.08033895492554,314.08033895492554,314.08033895492554,51.69566345214844,51.69566345214844,1.0,1.0,population_outside,Population outside historical hotspots,10^3 persons,1000.0,100.0,100.0,0.31408033895492554,0.31408033895492554,63609.0,,True,Enshitujiazu,145.0,148.0,13.0,15.0,False,False
惠州,惠州市,3,210.0,91,5367.90494120121,7191.200617432594,7976.950234567394,10591.542593127717,81.8773676554362,102.26459503173828,1.3947102588344384,2.0,population_outside,Population outside historical hotspots,10^3 persons,1000.0,74.64546223600784,75.31433843964531,5.36790494120121,7.9769502345673935,69666.0,华南,False,Huizhou,33.0,28.0,103.0,102.0,False,False
成都,成都市,5,2813.0,665,37906.3682513237,52298.89126467705,37906.3682513237,52298.89126467705,61.929589080810544,67.71067810058594,1.0,1.0,population_outside,Population outside historical hotspots,10^3 persons,1000.0,72.48025213285136,72.48025213285136,37.9063682513237,37.9063682513237,84566.0,西南,False,Chengdu,4.0,5.0,112.0,112.0,False,False
扬州,扬州市,2,35.0,17,404.8603638410568,733.270023226738,404.8603638410568,733.270023226738,53.600589752197266,56.54750061035156,1.0,1.0,population_outside,Population outside historical hotspots,10^3 persons,1000.0,55.21299807940846,55.21299807940846,0.40486036384105684,0.40486036384105684,132638.0,华东,False,Yangzhou,136.0,138.0,149.0,149.0,False,False
抚州,抚州市,1,15.0,8,204.410231590271,531.7251653671265,204.410231590271,531.7251653671265,53.88334274291992,53.88334274291992,1.0,1.0,population_outside,Population outside historical hotspots,10^3 persons,1000.0,38.44283567980785,38.44283567980785,0.204410231590271,0.204410231590271,43439.0,华东,False,Fuzhou,158.0,159.0,171.0,171.0,False,False
揭阳,揭阳市,1,16.0,16,834.2888660430908,908.655595779419,998.4909512589273,1087.4943045802056,75.28914642333984,75.28914642333984,1.1968168243627928,1.1968168243627928,population_outside,Population outside historical hotspots,10^3 persons,1000.0,91.81574074030343,91.81574074030343,0.8342888660430908,0.9984909512589273,37672.0,华南,False,Jieyang,103.0,100.0,60.0,59.0,False,False
新乡,新乡市,3,2519.0,304,9288.363207183778,11618.806150399148,11159.027936770613,14150.341170541484,76.96704228719075,97.36841583251952,1.3792900867227604,2.0,population_outside,Population outside historical hotspots,10^3 persons,1000.0,79.94249225738815,78.86048684113527,9.288363207183778,11.159027936770613,48154.0,华中,False,Xinxiang,20.0,19.0,84.0,85.0,False,False
无锡,无锡市,3,116.0,55,2021.5274257063866,2564.9049831032753,2246.004020393563,2863.657242571176,61.2757199605306,74.61311340332033,1.0554552806589201,1.16636584197676,population_outside,Population outside historical hotspots,10^3 persons,1000.0,78.8149049973985,78.43131457928799,2.0215274257063864,2.2460040203935634,165824.0,华东,False,Wuxi,59.0,62.0,87.0,86.0,False,False
昆明,昆明市,7,2929.0,441,22908.477493405342,41718.16733944416,22908.477493405342,41718.16733944416,35.88743509565081,53.49245834350586,1.0,1.0,population_outside,Population outside historical hotspots,10^3 persons,1000.0,54.912473280545036,54.912473280545036,22.908477493405343,22.908477493405343,79595.0,西南,False,Kunming,7.0,8.0,150.0,150.0,False,False
晋城,晋城市,1,24.0,13,580.4211378097534,612.6103734970093,687.2634160742016,725.3779550496795,75.00631713867188,75.00631713867188,1.1840771662238605,1.1840771662238605,population_outside,Population outside historical hotspots,10^3 persons,1000.0,94.74556144005403,94.74556144005403,0.5804211378097535,0.6872634160742016,65100.0,华北,False,Jincheng,121.0,120.0,48.0,47.0,False,False
景德镇,景德镇市,3,340.0,79,1402.9836738426238,3674.6434448082,1405.6277563264125,3704.3933161804707,65.74795405069987,71.86345672607422,1.014170439747825,1.0425113192434752,population_outside,Population outside historical hotspots,10^3 persons,1000.0,38.180130804931835,37.94488425909721,1.4029836738426238,1.4056277563264126,59082.0,华东,False,Jingdezhen,75.0,82.0,172.0,172.0,False,False
杭州,杭州市,7,385.0,173,11428.51358783245,15316.115864634514,13832.109114246656,19217.5853582672,73.53802163260323,154.96066284179688,1.1903756965672714,2.0,population_outside,Population outside historical hotspots,10^3 persons,1000.0,74.61757072640928,71.97631157285966,11.428513587832452,13.832109114246656,134551.0,华东,False,Hangzhou,16.0,17.0,104.0,115.0,False,False
枣庄,枣庄市,2,32.0,17,268.82106590270996,647.0872859954834,268.82106590270996,647.0872859954834,47.881330490112305,49.867305755615234,1.0,1.0,population_outside,Population outside historical hotspots,10^3 persons,1000.0,41.543246439953435,41.543246439953435,0.26882106590271,0.26882106590271,44902.0,华东,False,Zaozhuang,151.0,153.0,167.0,168.0,False,False
柳州,柳州市,3,163.0,43,2419.6622762680054,3069.0780096054077,3164.12806606656,4085.3190653080774,82.2008794148763,91.804931640625,1.5081463797980614,1.940747771298685,population_outside,Population outside historical hotspots,10^3 persons,1000.0,78.84003823607931,77.4511859535248,2.4196622762680056,3.16412806606656,76367.0,华南,False,Liuzhou,53.0,50.0,86.0,89.0,False,False
株洲,株洲市,3,163.0,58,2136.6830637454987,2900.106799840927,3395.001335560989,4625.787488289545,70.77059809366862,85.81729888916016,1.4146455562674192,1.6710430467519093,population_outside,Population outside historical hotspots,10^3 persons,1000.0,73.67601303037175,73.39293783286924,2.1366830637454988,3.395001335560989,79635.0,华中,False,Zhuzhou,57.0,49.0,108.0,109.0,False,False
桂林,桂林市,3,287.0,83,2384.5346167087555,4231.53746676445,2385.5902826395677,4233.5026273194735,68.37057240804036,71.01178741455078,1.001383013475276,1.0041490404258278,population_outside,Population outside historical hotspots,10^3 persons,1000.0,56.35149482752983,56.35027287440357,2.3845346167087556,2.385590282639568,43213.0,华南,False,Guilin,54.0,60.0,145.0,147.0,False,False
梅州,梅州市,2,38.0,6,306.6373863220215,306.6373863220215,306.6373863220215,306.6373863220215,64.90172004699707,68.54344177246094,1.0,1.0,population_outside,Population outside historical hotspots,10^3 persons,1000.0,100.0,100.0,0.3066373863220215,0.3066373863220215,31213.0,华南,False,Meizhou,147.0,150.0,15.0,17.0,False,False
梧州,梧州市,1,9.0,4,176.36040687561035,176.36040687561035,176.36040687561035,176.36040687561035,62.07012939453125,62.07012939453125,1.0,1.0,population_outside,Population outside historical hotspots,10^3 persons,1000.0,100.0,100.0,0.17636040687561036,0.17636040687561036,38345.0,华南,False,Wuzhou,161.0,162.0,22.0,23.0,False,False
榆林,榆林市,2,38.0,27,715.3494907766581,728.7816282659769,715.3494907766581,728.7816282659769,48.19119644165039,53.579872131347656,1.0,1.0,population_outside,Population outside historical hotspots,10^3 persons,1000.0,98.15690503597374,98.15690503597374,0.7153494907766581,0.7153494907766581,112662.0,西北,False,Yulin,112.0,116.0,39.0,39.0,False,False
武汉,武汉市,5,688.0,280,18012.618820533156,28817.72184215486,21582.171363040106,34414.20033534912,63.97886276245117,80.79363250732422,1.1063203529673307,1.4447588683516077,population_outside,Population outside historical hotspots,10^3 persons,1000.0,62.50535319618539,62.712982294322316,18.012618820533156,21.582171363040107,126650.0,华中,False,Wuhan,10.0,9.0,130.0,131.0,False,False
永州,永州市,1,16.0,11,429.4190899133682,429.4190899133682,429.4190899133682,429.4190899133682,51.28487777709961,51.28487777709961,1.0,1.0,population_outside,Population outside historical hotspots,10^3 persons,1000.0,100.0,100.0,0.42941908991336825,0.42941908991336825,39722.0,华中,False,Yongzhou,135.0,137.0,10.0,11.0,False,False
汕头,汕头市,3,752.0,130,8844.4279255867,9855.677334308624,8844.4279255867,9855.677334308624,43.58767954508463,55.36534881591797,1.0,1.0,population_outside,Population outside historical hotspots,10^3 persons,1000.0,89.73942252348644,89.73942252348644,8.8444279255867,8.8444279255867,49646.0,华南,False,Shantou,21.0,25.0,65.0,64.0,False,False
江门,江门市,2,44.0,29,620.4813060164452,722.2440375685692,762.2229777248872,863.9857092770113,73.62593460083008,84.11186981201172,1.2971121637359655,1.594224327471931,population_outside,Population outside historical hotspots,10^3 persons,1000.0,85.91020122579236,88.22171125523826,0.6204813060164451,0.7622229777248872,66686.0,华南,False,Jiangmen,117.0,114.0,70.0,69.0,False,False
池州,池州市,3,46.0,25,361.6517459899187,387.3982936888933,361.6517459899187,387.3982936888933,62.51092274983724,66.32328033447266,1.0,1.0,population_outside,Population outside historical hotspots,10^3 persons,1000.0,93.35398526054149,93.35398526054149,0.3616517459899187,0.3616517459899187,65029.0,华东,False,Chizhou,139.0,142.0,51.0,52.0,False,False
沧州,沧州市,2,105.0,9,90.36340594291688,122.63986563682556,113.26593992707654,161.35394131427276,90.9412841796875,105.33614349365234,1.6267246057470839,2.0,population_outside,Population outside historical hotspots,10^3 persons,1000.0,73.68191857818141,70.19719444377618,0.09036340594291689,0.11326593992707655,50684.0,华北,False,Cangzhou,166.0,166.0,107.0,120.0,False,False
河源,河源市,1,18.0,13,322.27099204063416,338.904039144516,322.27099204063416,338.904039144516,54.46828079223633,54.46828079223633,1.0,1.0,population_outside,Population outside historical hotspots,10^3 persons,1000.0,95.09210715048778,95.09210715048778,0.32227099204063414,0.32227099204063414,38828.0,华南,False,Heyuan,143.0,145.0,45.0,45.0,False,False
泉州,泉州市,4,123.0,66,3213.4292414188385,4180.674110651016,3412.0975589277414,4457.064251283211,59.18129348754883,74.47318267822266,1.0400157134821983,1.1600628539287932,population_outside,Population outside historical hotspots,10^3 persons,1000.0,76.86390176244669,76.55482098884667,3.2134292414188383,3.4120975589277416,115570.0,华东,False,Quanzhou,44.0,48.0,93.0,95.0,False,False
泰安,泰安市,2,30.0,22,783.4486653208733,788.7026497721672,783.4486653208733,788.7026497721672,35.683834075927734,37.50313186645508,1.0,1.0,population_outside,Population outside historical hotspots,10^3 persons,1000.0,99.33384470651751,99.33384470651751,0.7834486653208732,0.7834486653208732,50482.0,华东,False,Taian,107.0,112.0,36.0,36.0,False,False
泸州,泸州市,1,9.0,3,240.3923590183258,390.3379919528961,240.3923590183258,390.3379919528961,61.2435302734375,61.2435302734375,1.0,1.0,population_outside,Population outside historical hotspots,10^3 persons,1000.0,61.58569341806089,61.58569341806089,0.2403923590183258,0.2403923590183258,50638.0,西南,False,Luzhou,154.0,157.0,133.0,134.0,False,False
洛阳,洛阳市,3,395.0,92,2950.03093791008,3809.9918200969696,2950.03093791008,3809.9918200969696,52.43880844116211,67.44999694824219,1.0,1.0,population_outside,Population outside historical hotspots,10^3 persons,1000.0,77.42879977718687,77.42879977718687,2.9500309379100798,2.9500309379100798,72639.0,华中,False,Luoyang,46.0,53.0,91.0,90.0,False,False
济南,济南市,7,261.0,115,6214.368264436722,8692.085859775543,9080.002504469443,12163.388652443558,67.81537846156529,102.05913543701172,1.2675890307064608,2.0,population_outside,Population outside historical hotspots,10^3 persons,1000.0,71.4945568266303,74.65027028175508,6.214368264436722,9.080002504469443,109750.0,华东,False,Jinan,29.0,22.0,116.0,104.0,False,False
济宁,济宁市,3,134.0,57,2062.027530193329,2695.3469185829163,2062.027530193329,2695.3469185829163,58.098734537760414,67.75483703613281,1.0,1.0,population_outside,Population outside historical hotspots,10^3 persons,1000.0,76.50323288541439,76.50323288541439,2.062027530193329,2.062027530193329,53759.0,华东,False,Jining,58.0,66.0,97.0,96.0,False,False
海口,海口市,7,1019.0,219,11388.547527313232,20144.174123764038,14776.277715652055,25645.747599227114,72.8697395324707,109.76377868652344,1.2622999740702003,2.0,population_outside,Population outside historical hotspots,10^3 persons,1000.0,56.535192047799995,57.61687257694671,11.388547527313232,14.776277715652055,61992.0,华南,False,Haikou,17.0,16.0,144.0,143.0,False,False
淮北,淮北市,2,50.0,27,1030.031723022461,2523.4699172973633,1030.031723022461,2523.4699172973633,57.45667266845703,61.999996185302734,1.0,1.0,population_outside,Population outside historical hotspots,10^3 persons,1000.0,40.81807022790369,40.81807022790369,1.030031723022461,1.030031723022461,56807.0,华东,False,Huaibei,90.0,97.0,168.0,169.0,False,False
淮南,淮南市,1,11.0,9,308.7327243089676,308.7327243089676,308.7327243089676,308.7327243089676,65.128662109375,65.128662109375,1.0,1.0,population_outside,Population outside historical hotspots,10^3 persons,1000.0,100.0,100.0,0.3087327243089676,0.3087327243089676,44132.0,华东,False,Huainan,146.0,149.0,14.0,16.0,False,False
深圳,深圳市,7,411.0,170,21875.655323028564,28993.482677459717,24831.737091470204,33401.71378377652,61.060455322265625,92.63880920410156,1.1438570236626397,1.9783086451696086,population_outside,Population outside historical hotspots,10^3 persons,1000.0,75.45025054901481,74.34270364753314,21.875655323028564,24.831737091470202,156949.0,华南,False,Shenzhen,8.0,7.0,101.0,105.0,False,False
清远,清远市,3,39.0,25,688.0322855710983,825.1850794553757,701.387572714306,842.5618530842729,65.15728123982747,72.8165054321289,1.0293212144776485,1.0854400941726416,population_outside,Population outside historical hotspots,10^3 persons,1000.0,83.3791476240944,83.24463897182315,0.6880322855710983,0.701387572714306,44764.0,华南,False,Qingyuan,114.0,118.0,77.0,77.0,False,False
温州,温州市,4,113.0,63,6315.006756663322,8052.879449725151,7627.960107564926,10098.10752081871,76.23961544036865,120.0,1.25,2.0,population_outside,Population outside historical hotspots,10^3 persons,1000.0,78.41923868460314,75.53851146701282,6.315006756663323,7.627960107564926,71646.0,华东,False,Wenzhou,28.0,29.0,88.0,99.0,False,False
渭南,渭南市,2,42.0,19,577.2342386245728,1340.5332918167114,577.2342386245728,1340.5332918167114,25.027162551879883,30.15432548522949,1.0,1.0,population_outside,Population outside historical hotspots,10^3 persons,1000.0,43.06004499465254,43.06004499465254,0.5772342386245728,0.5772342386245728,39792.0,西北,False,Weinan,122.0,127.0,166.0,167.0,False,False
湖州,湖州市,2,11.0,10,318.49416875839233,318.49416875839233,318.49416875839233,318.49416875839233,45.07565975189209,59.614501953125,1.0,1.0,population_outside,Population outside historical hotspots,10^3 persons,1000.0,100.0,100.0,0.3184941687583923,0.3184941687583923,94997.0,华东,False,Huzhou,144.0,146.0,12.0,14.0,False,False
湛江,湛江市,1,9.0,6,1344.8488620519638,1344.8488620519638,1344.8488620519638,1344.8488620519638,61.492408752441406,61.492408752441406,1.0,1.0,population_outside,Population outside historical hotspots,10^3 persons,1000.0,100.0,100.0,1.3448488620519639,1.3448488620519639,44415.0,华南,False,Zhanjiang,79.0,86.0,3.0,4.0,False,False
滁州,滁州市,1,3.0,3,26.538891315460205,26.538891315460205,26.538891315460205,26.538891315460205,57.46814727783203,57.46814727783203,1.0,1.0,population_outside,Population outside historical hotspots,10^3 persons,1000.0,100.0,100.0,0.026538891315460205,0.026538891315460205,75992.0,华东,False,Chuzhou,171.0,171.0,28.0,28.0,False,False
滨州,滨州市,2,33.0,22,473.2224806547165,507.96248042583466,473.2224806547165,507.96248042583466,53.516042709350586,55.31999969482422,1.0,1.0,population_outside,Population outside historical hotspots,10^3 persons,1000.0,93.1609122504491,93.1609122504491,0.4732224806547165,0.4732224806547165,63819.0,华东,False,Binzhou,131.0,133.0,53.0,54.0,False,False
漯河,漯河市,1,58.0,23,1388.0492660999298,1388.0492660999298,2137.7546247640025,2137.7546247640025,82.91059112548828,82.91059112548828,1.540114372720038,1.540114372720038,population_outside,Population outside historical hotspots,10^3 persons,1000.0,100.0,100.0,1.3880492660999297,2.1377546247640025,66408.0,华中,False,Tahe,76.0,64.0,2.0,2.0,False,False
漳州,漳州市,2,25.0,13,770.6076896190643,770.6076896190643,770.6076896190643,770.6076896190643,52.001020431518555,53.09890365600586,1.0,1.0,population_outside,Population outside historical hotspots,10^3 persons,1000.0,100.0,100.0,0.7706076896190643,0.7706076896190643,90012.0,华东,False,Zhangzhou,108.0,113.0,6.0,6.0,False,False
潍坊,潍坊市,2,130.0,51,1661.257210612297,2866.00273501873,2981.483760369497,5194.326711472249,89.23894119262695,90.40814208984376,1.8251662425555168,1.8778312971794089,population_outside,Population outside historical hotspots,10^3 persons,1000.0,57.96425768593833,57.398849282709875,1.6612572106122971,2.981483760369497,62536.0,华东,False,Weifang,65.0,51.0,140.0,144.0,False,False
濮阳,濮阳市,2,67.0,31,879.0712506771088,1147.7058465480804,879.0712506771088,1147.7058465480804,31.965561866760254,32.65576934814453,1.0,1.0,population_outside,Population outside historical hotspots,10^3 persons,1000.0,76.59377647339379,76.59377647339379,0.8790712506771088,0.8790712506771088,43766.0,华中,False,Puyang,99.0,106.0,96.0,94.0,False,False
焦作,焦作市,2,13.0,10,268.5949705839157,331.1869410276413,268.5949705839157,331.1869410276413,43.73809623718262,43.88701248168945,1.0,1.0,population_outside,Population outside historical hotspots,10^3 persons,1000.0,81.10071301437529,81.10071301437529,0.26859497058391574,0.26859497058391574,60329.0,华中,False,Jiaozuo,152.0,154.0,81.0,82.0,False,False
玉林,玉林市,2,48.0,20,1033.874981880188,1124.6090288162234,1572.6570492110704,1714.0112400962648,69.17031669616699,83.30535125732422,1.2789479013585978,1.5578958027171956,population_outside,Population outside historical hotspots,10^3 persons,1000.0,91.93194749365092,91.75301844127607,1.033874981880188,1.5726570492110705,30363.0,华南,False,Yulin,88.0,78.0,58.0,60.0,False,False
珠海,珠海市,5,358.0,147,4096.54158437252,6601.678922772407,4101.498813744856,6612.209127894537,65.67051391601562,71.55536651611328,1.0057267634577352,1.028633817288676,population_outside,Population outside historical hotspots,10^3 persons,1000.0,62.05302669661127,62.02917564180033,4.09654158437252,4.101498813744857,142120.0,华南,False,Zhuhai,39.0,41.0,132.0,133.0,False,False
盐城,盐城市,1,13.0,11,447.0152015686035,447.0152015686035,447.0152015686035,447.0152015686035,51.834266662597656,51.834266662597656,1.0,1.0,population_outside,Population outside historical hotspots,10^3 persons,1000.0,100.0,100.0,0.4470152015686035,0.4470152015686035,88724.0,华东,False,Yancheng,132.0,134.0,7.0,8.0,False,False
眉山,眉山市,2,91.0,38,1431.8905483484268,1688.638137459755,1431.8905483484268,1688.638137459755,47.61364555358887,54.36734008789063,1.0,1.0,population_outside,Population outside historical hotspots,10^3 persons,1000.0,84.79558269970394,84.79558269970394,1.4318905483484268,1.4318905483484268,48099.0,西南,False,Meishan,74.0,81.0,73.0,73.0,False,False
石家庄,石家庄市,6,1334.0,335,18547.034024477005,27284.383772611618,18547.034024477005,27284.383772611618,51.7627747853597,64.77916717529297,1.0,1.0,population_outside,Population outside historical hotspots,10^3 persons,1000.0,67.9767378257402,67.9767378257402,18.547034024477004,18.547034024477004,52803.0,华北,False,Shijiazhuang,9.0,11.0,124.0,124.0,False,False
福州,福州市,5,1664.0,242,15800.443644672632,31552.053043752905,15800.443644672632,31552.053043752905,55.128614807128905,62.6599998474121,1.0,1.0,population_outside,Population outside historical hotspots,10^3 persons,1000.0,50.077386795598755,50.077386795598755,15.800443644672633,15.800443644672633,120432.0,华东,False,Fuzhou,12.0,13.0,158.0,159.0,False,False
秦皇岛,秦皇岛市,3,138.0,36,1020.9243965148926,1450.2753930091858,1350.5077703899067,1861.8688863118944,59.64064153035482,87.1716537475586,1.2440160360717452,1.7320481082152355,population_outside,Population outside historical hotspots,10^3 persons,1000.0,70.39520917448444,72.53506303900251,1.0209243965148926,1.3505077703899067,53688.0,华北,False,Qinhuangdao,91.0,85.0,119.0,111.0,False,False
绍兴,绍兴市,1,1.0,1,9.118532180786133,9.118532180786133,15.639210604806445,15.639210604806445,86.7954330444336,86.7954330444336,1.7151017614172797,1.7151017614172797,population_outside,Population outside historical hotspots,10^3 persons,1000.0,100.0,100.0,0.009118532180786133,0.015639210604806445,113434.0,华东,False,Shaoxing,177.0,175.0,32.0,30.0,False,False
绵阳,绵阳市,5,421.0,139,5407.043508172035,8302.998801112175,5407.043508172035,8302.998801112175,54.095130157470706,64.24278259277344,1.0,1.0,population_outside,Population outside historical hotspots,10^3 persons,1000.0,65.12157399622616,65.12157399622616,5.407043508172035,5.407043508172035,61808.0,西南,False,Mianyang,32.0,34.0,127.0,127.0,False,False
聊城,聊城市,2,43.0,17,765.9521760940552,844.1976857185364,1173.0872826576233,1329.5783019065857,83.57119560241698,110.0463409423828,1.5,2.0,population_outside,Population outside historical hotspots,10^3 persons,1000.0,90.73137596226852,88.23002608988446,0.7659521760940552,1.1730872826576233,38938.0,华东,False,Liaocheng,109.0,91.0,63.0,68.0,False,False
自贡,自贡市,3,41.0,19,479.63217782974243,1029.9131836891174,479.63217782974243,1029.9131836891174,54.31352996826172,57.73483657836914,1.0,1.0,population_outside,Population outside historical hotspots,10^3 persons,1000.0,46.5701561476973,46.5701561476973,0.47963217782974243,0.47963217782974243,58571.0,西南,False,Zigong,130.0,132.0,162.0,162.0,False,False
舟山,舟山市,2,80.0,51,1887.2192122936249,3295.803551197052,2763.247980594635,4743.353747487068,86.7549991607666,110.0,1.5,2.0,population_outside,Population outside historical hotspots,10^3 persons,1000.0,57.26127734792256,58.255152950769215,1.8872192122936249,2.763247980594635,130354.0,华东,False,Zhoushan,61.0,55.0,142.0,142.0,False,False
芜湖,芜湖市,2,55.0,32,970.985424220562,1415.846132457256,970.985424220562,1415.846132457256,51.915761947631836,55.88072967529297,1.0,1.0,population_outside,Population outside historical hotspots,10^3 persons,1000.0,68.57986909462959,68.57986909462959,0.970985424220562,0.970985424220562,102822.0,华东,False,Wuhu,95.0,101.0,123.0,123.0,False,False
苏州,苏州市,2,73.0,50,2550.1952228546143,2874.9092683792114,2550.1952228546143,2874.9092683792114,61.41836357116699,64.51640319824219,1.0,1.0,population_outside,Population outside historical hotspots,10^3 persons,1000.0,88.70524196724784,88.70524196724784,2.5501952228546143,2.5501952228546143,158199.0,华东,False,Suzhou,52.0,59.0,67.0,66.0,False,False
茂名,茂名市,1,6.0,4,125.45862579345702,125.45862579345702,125.45862579345702,125.45862579345702,68.88009643554688,68.88009643554688,1.0,1.0,population_outside,Population outside historical hotspots,10^3 persons,1000.0,100.0,100.0,0.125458625793457,0.125458625793457,53063.0,华南,False,Maoming,164.0,164.0,25.0,25.0,False,False
荆州,荆州市,1,410.0,38,2186.109769821167,2273.723208427429,3793.899127851535,3945.948468147729,87.24732971191406,87.24732971191406,1.735456828483911,1.735456828483911,population_outside,Population outside historical hotspots,10^3 persons,1000.0,96.14669726369824,96.14669726369824,2.186109769821167,3.793899127851535,45911.0,华中,False,Jingzhou,56.0,43.0,43.0,43.0,False,False
荆门,荆门市,1,9.0,6,238.297926902771,238.297926902771,332.7392411574404,332.7392411574404,79.71817016601562,79.71817016601562,1.3963161387182474,1.3963161387182474,population_outside,Population outside historical hotspots,10^3 persons,1000.0,100.0,100.0,0.238297926902771,0.3327392411574404,75055.0,华中,False,Jingmen,155.0,144.0,18.0,13.0,False,False
莆田,莆田市,1,12.0,8,601.3296256065369,614.3310360908508,601.3296256065369,614.3310360908508,56.136268615722656,56.136268615722656,1.0,1.0,population_outside,Population outside historical hotspots,10^3 persons,1000.0,97.88364746032606,97.88364746032606,0.6013296256065369,0.6013296256065369,82366.0,华东,False,Putian,119.0,125.0,40.0,40.0,False,False
萍乡,萍乡市,2,29.0,16,974.353798866272,1314.4655504226682,1936.0412664413452,2616.2647695541377,84.74447631835938,102.9370346069336,1.5,2.0,population_outside,Population outside historical hotspots,10^3 persons,1000.0,74.12547240610202,74.00020399201738,0.9743537988662719,1.936041266441345,53237.0,华东,False,Pingxiang,94.0,69.0,105.0,106.0,False,False
蚌埠,蚌埠市,2,49.0,28,701.7353442907333,1336.5941833257675,701.7353442907333,1336.5941833257675,57.87401580810547,60.766632080078125,1.0,1.0,population_outside,Population outside historical hotspots,10^3 persons,1000.0,52.50175057208817,52.50175057208817,0.7017353442907334,0.7017353442907334,63113.0,华东,False,Bengbu,113.0,117.0,156.0,156.0,False,False
衡阳,衡阳市,1,18.0,10,492.0861854553223,756.003490447998,494.79923045314683,760.1716047920331,71.04207611083984,71.04207611083984,1.0055133533068281,1.0055133533068281,population_outside,Population outside historical hotspots,10^3 persons,1000.0,65.09046474953685,65.09046474953685,0.49208618545532234,0.49479923045314683,52838.0,华中,False,Hengyang,127.0,130.0,128.0,129.0,False,False
衢州,衢州市,2,44.0,19,501.11943340301514,543.2515478134155,629.5268213163212,671.6589357267216,72.81242942810059,90.16305541992188,1.4333958517396723,1.8667917034793446,population_outside,Population outside historical hotspots,10^3 persons,1000.0,92.2444557074928,93.72715642280345,0.5011194334030151,0.6295268213163212,71891.0,华东,False,Quzhou,126.0,123.0,56.0,50.0,False,False
襄阳,襄阳市,4,250.0,77,2342.801058650017,4950.227504611015,2342.801058650017,4950.227504611015,57.591339111328125,69.48784637451172,1.0,1.0,population_outside,Population outside historical hotspots,10^3 persons,1000.0,47.32713913588325,47.32713913588325,2.342801058650017,2.342801058650017,87489.0,华中,False,Xiangyang,55.0,61.0,160.0,161.0,False,False
西安,西安市,7,1635.0,368,25772.941682577133,35003.87896323204,25772.941682577133,35003.87896323204,30.531374795096262,40.45538711547851,1.0,1.0,population_outside,Population outside historical hotspots,10^3 persons,1000.0,73.62881613677429,73.62881613677429,25.772941682577134,25.772941682577134,77317.0,西北,False,Xian,6.0,6.0,109.0,107.0,False,False
许昌,许昌市,2,19.0,10,613.0203580856323,1129.7706022262573,613.0203580856323,1129.7706022262573,56.33907890319824,66.06041717529297,1.0,1.0,population_outside,Population outside historical hotspots,10^3 persons,1000.0,54.260604487110186,54.260604487110186,0.6130203580856324,0.6130203580856324,78749.0,华中,False,Xuchang,118.0,124.0,152.0,152.0,False,False
贵阳,贵阳市,5,217.0,92,4577.621243715286,6742.721080303192,4585.975159142559,6758.242663765328,44.7014274597168,71.29749298095705,1.003403651348022,1.01701825674011,population_outside,Population outside historical hotspots,10^3 persons,1000.0,67.88982058129935,67.85750952286021,4.577621243715286,4.585975159142559,71980.0,西南,False,Guiyang,36.0,38.0,125.0,125.0,False,False
赣州,赣州市,3,32.0,17,1696.6992557048798,1696.6992557048798,2710.289826755204,2710.289826755204,71.90070470174153,93.06143951416016,1.332448483070223,1.997345449210669,population_outside,Population outside historical hotspots,10^3 persons,1000.0,100.0,100.0,1.6966992557048797,2.7102898267552042,40637.0,华东,False,Ganzhou,64.0,57.0,1.0,1.0,False,False
达州,达州市,2,24.0,12,913.9187026023865,1149.788972377777,913.9187026023865,1149.788972377777,57.82400131225586,59.3602409362793,1.0,1.0,population_outside,Population outside historical hotspots,10^3 persons,1000.0,79.48577735202937,79.48577735202937,0.9139187026023865,0.9139187026023865,39291.0,西南,False,Dazhou,98.0,105.0,85.0,84.0,False,False
连云港,连云港市,1,13.0,12,337.4805594608188,337.4805594608188,520.5397658862622,520.5397658862622,82.96197509765625,82.96197509765625,1.5424288934388128,1.5424288934388128,population_outside,Population outside historical hotspots,10^3 persons,1000.0,100.0,100.0,0.33748055946081884,0.5205397658862622,71240.0,华东,False,Lianyungang,142.0,129.0,11.0,7.0,False,True
遂宁,遂宁市,2,82.0,26,1596.2206854820251,2106.2028517723083,1596.2206854820251,2106.2028517723083,58.51963424682617,69.85498809814453,1.0,1.0,population_outside,Population outside historical hotspots,10^3 persons,1000.0,75.78665483900812,75.78665483900812,1.5962206854820251,1.5962206854820251,49758.0,西南,False,Suining,68.0,76.0,100.0,98.0,False,False
遵义,遵义市,1,6.0,3,24.066064834594727,52.74984931945801,24.066064834594727,52.74984931945801,64.06087493896484,64.06087493896484,1.0,1.0,population_outside,Population outside historical hotspots,10^3 persons,1000.0,45.62300204659997,45.62300204659997,0.024066064834594728,0.024066064834594728,56279.0,西南,False,Zunyi,173.0,174.0,163.0,164.0,False,False
邢台,邢台市,3,222.0,77,2727.81434071064,3681.558416485786,3578.184269428253,4776.621433734894,72.54013315836589,109.89995574951172,1.3333333333333333,2.0,population_outside,Population outside historical hotspots,10^3 persons,1000.0,74.09401215788563,74.91035911193052,2.72781434071064,3.5781842694282533,30948.0,华北,False,Xingtai,49.0,45.0,106.0,103.0,False,False
邯郸,邯郸市,3,172.0,85,3955.4908537864685,4343.749075889587,4307.083467463512,4787.126951950661,74.4989522298177,100.8520050048828,1.4930280747983906,2.0,population_outside,Population outside historical hotspots,10^3 persons,1000.0,91.06167931618829,89.97220066847107,3.9554908537864684,4.307083467463512,38646.0,华北,False,Handan,41.0,39.0,61.0,63.0,False,False
郑州,郑州市,9,9301.0,1029,43705.220812916756,75156.46489882469,54555.56851165283,91744.56910594615,47.86978891160753,93.46932220458984,1.145055324414683,2.0,population_outside,Population outside historical hotspots,10^3 persons,1000.0,58.15231047888234,59.46462994300224,43.70522081291676,54.55556851165283,95111.0,华中,False,Zhengzhou,2.0,3.0,139.0,139.0,False,False
鄂尔多斯,鄂尔多斯市,2,36.0,28,1338.2619055360556,1357.354879245162,1338.2619055360556,1357.354879245162,52.853281021118164,55.17478942871094,1.0,1.0,population_outside,Population outside historical hotspots,10^3 persons,1000.0,98.59336905911266,98.59336905911266,1.3382619055360556,1.3382619055360556,163595.0,华北,False,Eerduosi,80.0,87.0,38.0,38.0,False,False
重庆,重庆,5,118.0,52,4044.123457789421,4805.063483119011,4959.029407107951,5719.9694324375405,67.54211654663087,83.07715606689455,1.1095234125197255,1.5476170625986274,population_outside,Population outside historical hotspots,10^3 persons,1000.0,84.16378830367385,86.69678161190245,4.044123457789421,4.959029407107951,77914.0,西南,False,Chongqing,40.0,36.0,76.0,70.0,False,False
金华,金华市,4,126.0,66,2620.0951340198517,3033.924607515335,2847.0120419653867,3387.0353879929526,70.97981643676758,90.60704040527344,1.221697599912464,1.8867903996498558,population_outside,Population outside historical hotspots,10^3 persons,1000.0,86.3599289029666,84.05616463465513,2.6200951340198517,2.8470120419653866,66628.0,华东,False,Jinhua,51.0,54.0,68.0,76.0,False,False
钦州,钦州市,2,29.0,19,548.2757458686829,677.4171013832093,821.7142535604592,995.624740008328,76.76638984680176,89.63961791992188,1.42160708874979,1.8432141774995798,population_outside,Population outside historical hotspots,10^3 persons,1000.0,80.93621267446092,82.53252661776824,0.5482757458686829,0.8217142535604591,41932.0,华南,False,Qinzhou,124.0,110.0,82.0,79.0,False,False
铜仁,铜仁市,1,6.0,3,299.03692626953125,387.43860626220703,299.03692626953125,387.43860626220703,55.24677276611328,55.24677276611328,1.0,1.0,population_outside,Population outside historical hotspots,10^3 persons,1000.0,77.18304821361862,77.18304821361862,0.29903692626953127,0.29903692626953127,40236.0,西南,False,Tongren,148.0,151.0,92.0,91.0,False,False
铜陵,铜陵市,2,56.0,25,485.66711354255676,846.2706844806671,942.085895895958,1567.966484427452,77.21253967285156,99.64713287353516,1.5,2.0,population_outside,Population outside historical hotspots,10^3 persons,1000.0,57.38909812769861,60.08329293084116,0.48566711354255676,0.9420858958959579,76618.0,华东,False,Tongling,129.0,102.0,141.0,137.0,False,False
银川,银川市,2,83.0,42,1319.2555839717386,2215.12369081378,1319.2555839717386,2215.12369081378,27.087204933166504,32.942771911621094,1.0,1.0,population_outside,Population outside historical hotspots,10^3 persons,1000.0,59.55674572227061,59.55674572227061,1.3192555839717386,1.3192555839717386,68684.0,西北,False,Yinchuan,81.0,88.0,137.0,138.0,False,False
镇江,镇江市,1,42.0,35,4720.966408252716,5223.027920246124,4720.966408252716,5223.027920246124,63.77387237548828,63.77387237548828,1.0,1.0,population_outside,Population outside historical hotspots,10^3 persons,1000.0,90.38753918876716,90.38753918876716,4.720966408252716,4.720966408252716,131466.0,华东,False,Zhenjiang,35.0,37.0,64.0,62.0,False,False
长春,长春市,5,194.0,118,6478.085489243269,11675.837813079357,6478.085489243269,11675.837813079357,35.83866577148437,38.58059310913086,1.0,1.0,population_outside,Population outside historical hotspots,10^3 persons,1000.0,55.482832092669796,55.482832092669796,6.478085489243269,6.478085489243269,73187.0,东北,False,Changchun,27.0,31.0,148.0,148.0,False,False
长沙,长沙市,6,257.0,145,9524.607092022896,12624.980859875679,9524.607092022896,12624.980859875679,48.285962422688804,69.28343963623047,1.0,1.0,population_outside,Population outside historical hotspots,10^3 persons,1000.0,75.44254678669418,75.44254678669418,9.524607092022896,9.524607092022896,120700.0,华中,False,Changsha,19.0,21.0,102.0,100.0,False,False
阜阳,阜阳市,2,17.0,10,278.2032346725464,379.08589267730713,316.32133323752305,430.9671947730867,63.04613685607911,77.5811004638672,1.1500273790446425,1.3000547580892847,population_outside,Population outside historical hotspots,10^3 persons,1000.0,73.3879155216583,73.398007336515,0.2782032346725464,0.31632133323752304,34209.0,华东,False,Fuyang,149.0,147.0,110.0,108.0,False,False
阳江,阳江市,2,36.0,24,626.5864132344723,1407.885855525732,676.7623736004629,1469.4366168204551,70.57320404052734,77.6100082397461,1.1506784346499455,1.3013568692998911,population_outside,Population outside historical hotspots,10^3 persons,1000.0,44.50548393360289,46.05590781212674,0.6265864132344723,0.6767623736004629,52124.0,华南,False,Yangjiang,116.0,122.0,165.0,163.0,False,False
随州,随州市,2,63.0,15,491.44002318382263,512.692685842514,491.44002318382263,512.692685842514,59.55177688598633,62.73806762695312,1.0,1.0,population_outside,Population outside historical hotspots,10^3 persons,1000.0,95.85469751264996,95.85469751264996,0.4914400231838226,0.4914400231838226,54563.0,华中,False,Suizhou,128.0,131.0,44.0,44.0,False,False
雅安,雅安市,2,85.0,19,678.306107878685,2124.986894965172,678.306107878685,2124.986894965172,49.51776123046875,51.48645782470704,1.0,1.0,population_outside,Population outside historical hotspots,10^3 persons,1000.0,31.92048428561261,31.92048428561261,0.678306107878685,0.678306107878685,52768.0,西南,False,Yaan,115.0,121.0,174.0,174.0,False,False
青岛,青岛市,5,333.0,186,8470.104918003082,15914.330257177353,8876.923092820061,16760.10742008401,68.4628189086914,76.67479705810547,1.0767941479018948,1.2592315612512734,population_outside,Population outside historical hotspots,10^3 persons,1000.0,53.22313148668679,52.96459545469647,8.470104918003083,8.87692309282006,122656.0,华东,False,Qingdao,22.0,24.0,154.0,154.0,False,False
马鞍山,马鞍山市,3,102.0,43,1127.8292575478554,1665.569252550602,1127.8292575478554,1665.569252550602,53.91607793172201,56.69150924682618,1.0,1.0,population_outside,Population outside historical hotspots,10^3 persons,1000.0,67.71434185764008,67.71434185764008,1.1278292575478555,1.1278292575478555,101245.0,华东,False,Maanshan,84.0,92.0,126.0,126.0,False,False
驻马店,驻马店市,2,34.0,11,823.121361374855,823.121361374855,1114.72785221798,1114.72785221798,71.9221420288086,86.05209350585938,1.3408095244984715,1.681619048996943,population_outside,Population outside historical hotspots,10^3 persons,1000.0,100.0,100.0,0.823121361374855,1.11472785221798,40788.0,华中,False,Zhumadian,105.0,93.0,5.0,5.0,False,False
鹤壁,鹤壁市,2,251.0,74,2630.5785413980484,2864.376790702343,2630.5785413980484,2864.376790702343,56.59130859374999,62.013042449951165,1.0,1.0,population_outside,Population outside historical hotspots,10^3 persons,1000.0,91.83772714318889,91.83772714318889,2.6305785413980485,2.6305785413980485,62482.0,华中,False,Hebi,50.0,58.0,59.0,58.0,False,False
黄冈,黄冈市,2,40.0,23,823.8500609397888,826.9027214050293,823.8500609397888,826.9027214050293,60.30141639709473,61.6356086730957,1.0,1.0,population_outside,Population outside historical hotspots,10^3 persons,1000.0,99.63083197258639,99.63083197258639,0.8238500609397889,0.8238500609397889,37470.0,华中,False,Huanggang,104.0,109.0,33.0,33.0,False,False
黄山,黄山市,2,127.0,20,570.1914527416229,586.7038695812225,700.3076066368234,716.820023476423,68.75741195678711,81.36565399169922,1.2352623967155867,1.4705247934311736,population_outside,Population outside historical hotspots,10^3 persons,1000.0,97.18556196818919,97.69643476761183,0.570191452741623,0.7003076066368233,63939.0,华东,False,Huangshan,123.0,119.0,42.0,41.0,False,False
黄石,黄石市,2,54.0,23,875.9361763000488,1667.29008102417,875.9361763000488,1667.29008102417,58.06417465209961,63.436302185058594,1.0,1.0,population_outside,Population outside historical hotspots,10^3 persons,1000.0,52.53651936572342,52.53651936572342,0.8759361763000488,0.8759361763000488,66450.0,华中,False,Huangshi,101.0,107.0,155.0,155.0,False,False
三亚,三亚市,3,44.0,26,21.297558456497892,44.9266153075128,26.63446687197945,53.22011196407307,75.77968088785808,90.66284942626952,1.3550662074923316,1.8893042406383986,road_outside,Road outside historical hotspots,km,1.0,47.40521472788634,50.04586779140824,21.297558456497892,26.63446687197945,66866.0,华南,False,Sanya,123.0,116.0,169.0,166.0,False,False
三明,三明市,1,11.0,7,5.663472963237421,13.411406642308195,5.663472963237421,13.411406642308195,51.83521270751954,51.83521270751954,1.0,1.0,road_outside,Road outside historical hotspots,km,1.0,42.22877669946408,42.22877669946408,5.663472963237421,5.663472963237421,108521.0,华东,False,Sanming,160.0,160.0,173.0,173.0,False,False
上海,上海,4,126.0,62,237.56648726818617,251.88536870741055,255.84322089578728,272.9333277308941,68.92889022827148,78.74647521972656,1.0881368673527385,1.3525474694109538,road_outside,Road outside historical hotspots,km,1.0,94.31531830820346,93.73835838327619,237.56648726818617,255.84322089578728,155549.0,华东,False,Shanghai,26.0,28.0,46.0,47.0,False,False
上饶,上饶市,2,54.0,30,38.60723484069737,42.65240928517018,47.48954460463521,52.46461930994583,76.02314758300781,76.06207275390625,1.229878902282791,1.231632233345477,road_outside,Road outside historical hotspots,km,1.0,90.51595323155807,90.51727665091914,38.60723484069737,47.48954460463521,40436.0,华东,False,Shangrao,91.0,87.0,58.0,58.0,False,False
东莞,东莞市,4,98.0,57,105.23310994801611,155.17393030641503,105.49155946279822,155.43237982119715,62.82234001159668,72.65945434570312,1.0195914857185135,1.0783659428740546,road_outside,Road outside historical hotspots,km,1.0,67.81623030377395,67.86974476241777,105.23310994801611,105.49155946279822,92081.0,华南,False,Dongguan,56.0,60.0,128.0,129.0,False,False
中山,中山市,3,27.0,21,37.27180609075471,47.343854810730434,37.27180609075471,47.343854810730434,58.64549763997396,66.0999984741211,1.0,1.0,road_outside,Road outside historical hotspots,km,1.0,78.72575277141796,78.72575277141796,37.27180609075471,37.27180609075471,71142.0,华南,False,Zhongshan,94.0,99.0,90.0,90.0,False,False
临沂,临沂市,3,189.0,76,209.4557155006581,229.6397870976338,231.35641532331633,253.02988455384067,60.42700449625651,74.95748138427734,1.0606258088293403,1.1818774264880212,road_outside,Road outside historical hotspots,km,1.0,91.21055116272416,91.43442314383518,209.4557155006581,231.35641532331633,43565.0,华东,False,Linyi,30.0,30.0,57.0,57.0,False,False
丽水,丽水市,1,17.0,8,12.79042512218782,12.79042512218782,12.79042512218782,12.79042512218782,58.64066696166992,58.64066696166992,1.0,1.0,road_outside,Road outside historical hotspots,km,1.0,100.0,100.0,12.79042512218782,12.79042512218782,61355.0,华东,False,Lishui,142.0,144.0,15.0,17.0,False,False
乌海,乌海市,2,187.0,41,37.93705162761379,53.59907169629796,37.93705162761379,53.59907169629796,21.711000442504883,25.23545455932617,1.0,1.0,road_outside,Road outside historical hotspots,km,1.0,70.77930722862513,70.77930722862513,37.93705162761379,37.93705162761379,100561.0,华北,False,Wuhai,92.0,97.0,116.0,116.0,False,False
乐山,乐山市,2,69.0,18,14.74388663308471,29.208565728316323,14.74388663308471,29.208565728316323,55.22667121887208,57.51617813110352,1.0,1.0,road_outside,Road outside historical hotspots,km,1.0,50.47795489249651,50.47795489249651,14.74388663308471,14.74388663308471,63399.0,西南,False,Leshan,138.0,140.0,163.0,165.0,False,False
九江,九江市,3,38.0,26,54.147022191277415,77.45317312371849,99.60372517706878,140.21222816039932,84.7841313680013,89.90491485595705,1.624505429421145,1.8551641149834652,road_outside,Road outside historical hotspots,km,1.0,69.90936588845315,71.03783063993862,54.147022191277415,99.60372517706878,70445.0,华东,False,Jiujiang,78.0,62.0,119.0,114.0,False,False
伊春,伊春市,1,11.0,4,3.243636585097585,3.243636585097585,3.243636585097585,3.243636585097585,56.28245544433594,56.28245544433594,1.0,1.0,road_outside,Road outside historical hotspots,km,1.0,100.0,100.0,3.243636585097585,3.243636585097585,33930.0,东北,False,Yichun,168.0,169.0,30.0,31.0,False,False
佛山,佛山市,3,328.0,130,327.46823716293454,431.79686569511887,330.6328004119982,438.53342446914553,57.5484364827474,75.78427124023438,1.0730396814238927,1.219119044271678,road_outside,Road outside historical hotspots,km,1.0,75.83849332388434,75.39511972485029,327.46823716293454,330.6328004119982,113618.0,华南,False,Foshan,20.0,20.0,105.0,107.0,False,False
保定,保定市,3,55.0,31,26.932145437990933,40.316874927362136,26.932145437990933,40.316874927362136,67.2603530883789,68.80370330810547,1.0,1.0,road_outside,Road outside historical hotspots,km,1.0,66.80117317255834,66.80117317255834,26.932145437990933,26.932145437990933,29033.0,华北,False,Baoding,110.0,115.0,133.0,135.0,False,False
信阳,信阳市,2,24.0,14,16.339064176026966,19.70422875982658,21.912802721634645,26.06404664165008,86.65858840942383,97.2115707397461,1.616796566206616,2.0,road_outside,Road outside historical hotspots,km,1.0,82.92161228527458,84.07291094475794,16.339064176026966,21.912802721634645,44962.0,华中,False,Xinyang,133.0,127.0,79.0,79.0,False,False
儋州,儋州市,1,8.0,5,3.033560678583777,3.033560678583777,5.257919700298162,5.257919700298162,87.1983413696289,87.1983413696289,1.733250215635321,1.733250215635321,road_outside,Road outside historical hotspots,km,1.0,100.0,100.0,3.033560678583777,5.257919700298162,40842.0,华南,False,Danzhou,169.0,163.0,31.0,26.0,False,False
六安,六安市,3,188.0,68,168.49605169698265,181.4332049594903,168.49605169698265,181.4332049594903,58.96197001139323,67.09221649169922,1.0,1.0,road_outside,Road outside historical hotspots,km,1.0,92.8694677110531,92.8694677110531,168.49605169698265,168.49605169698265,38028.0,华东,False,Luan,36.0,40.0,50.0,51.0,False,False
兰州,兰州市,2,543.0,72,198.1588598005252,232.70697570960738,198.1588598005252,232.70697570960738,23.5462007522583,24.49703025817871,1.0,1.0,road_outside,Road outside historical hotspots,km,1.0,85.1538116535903,85.1538116535903,198.1588598005252,198.1588598005252,66058.0,西北,False,Lanzhou,32.0,35.0,73.0,73.0,False,False
北京,北京,6,2572.0,805,1428.358418033985,1881.4438530734133,1513.7517426405043,1998.0496695864458,62.35361289978027,74.80223083496094,1.0448108909420173,1.1748843779198914,road_outside,Road outside historical hotspots,km,1.0,75.9182058874999,75.7614670787348,1428.358418033985,1513.7517426405043,164927.0,华北,False,Beijing,2.0,2.0,104.0,105.0,False,False
北海,北海市,3,45.0,28,59.737821821829954,123.61061713621174,99.72988794342469,189.4506494879236,80.8943099975586,100.46524047851562,1.5763172569736923,2.0,road_outside,Road outside historical hotspots,km,1.0,48.32741976848342,52.64161839138054,59.737821821829954,99.72988794342469,69022.0,华南,False,Beihai,71.0,61.0,166.0,162.0,False,False
南京,南京市,6,294.0,152,291.3169122343537,529.6691452433485,311.4605862242534,573.4471108192963,59.54927062988281,82.61363220214844,1.0877897107233996,1.5267382643403973,road_outside,Road outside historical hotspots,km,1.0,54.99978899101487,54.31374233959657,291.3169122343537,311.4605862242534,158991.0,华东,False,Nanjing,23.0,25.0,161.0,161.0,False,False
南充,南充市,1,22.0,12,22.252707404619944,23.90064743890377,22.252707404619944,23.90064743890377,51.04774856567384,51.04774856567384,1.0,1.0,road_outside,Road outside historical hotspots,km,1.0,93.10504019400986,93.10504019400986,22.252707404619944,22.252707404619944,42800.0,西南,False,Nanchong,118.0,126.0,48.0,49.0,False,False
南宁,南宁市,6,281.0,127,254.52194532607703,385.2513483605995,329.03639417060367,504.4222118675497,78.3320738474528,113.52899169921876,1.298562774275144,2.0,road_outside,Road outside historical hotspots,km,1.0,66.06646450665805,65.2303539434543,254.52194532607703,329.03639417060367,54015.0,华南,False,Nanning,25.0,22.0,141.0,145.0,False,False
南平,南平市,1,22.0,9,7.5608624964701185,7.5608624964701185,7.5608624964701185,7.5608624964701185,69.65949249267578,69.65949249267578,1.0,1.0,road_outside,Road outside historical hotspots,km,1.0,100.0,100.0,7.5608624964701185,7.5608624964701185,74902.0,华东,False,Nanping,157.0,158.0,22.0,23.0,False,False
南昌,南昌市,6,748.0,282,512.3173031789668,1099.1355280934085,816.6445546863225,1632.501605125723,72.98107210795085,94.73480224609376,1.3825298171954765,2.0,road_outside,Road outside historical hotspots,km,1.0,46.61093105302918,50.02411955505739,512.3173031789668,816.6445546863225,91781.0,华东,False,Nanchang,13.0,7.0,171.0,167.0,True,False
南通,南通市,1,14.0,10,23.764445801065165,23.764445801065165,30.565224359684496,30.565224359684496,77.27294921875,77.27294921875,1.2861745068893846,1.2861745068893846,road_outside,Road outside historical hotspots,km,1.0,100.0,100.0,23.764445801065165,30.565224359684496,129835.0,华东,False,Nantong,117.0,113.0,9.0,7.0,False,False
南阳,南阳市,3,172.0,52,106.69780666498865,138.4653776360745,106.69780666498865,138.4653776360745,49.92011260986328,70.75160217285156,1.0,1.0,road_outside,Road outside historical hotspots,km,1.0,77.05739043692218,77.05739043692218,106.69780666498865,106.69780666498865,40389.0,华中,False,Nanyang,54.0,58.0,98.0,99.0,False,False
厦门,厦门市,7,368.0,112,193.53234394927853,495.31937855037853,198.98930771298586,513.8489330400433,48.129429408482146,88.93655395507812,1.1159350890271102,1.8115456231897722,road_outside,Road outside historical hotspots,km,1.0,39.07223345787076,38.72525462604765,193.53234394927853,198.98930771298586,123243.0,华东,False,Xiamen,33.0,34.0,174.0,174.0,False,False
台州,台州市,1,217.0,108,287.174721201378,290.8875298556535,574.349442402756,581.775059711307,113.9600067138672,113.9600067138672,2.0,2.0,road_outside,Road outside historical hotspots,km,1.0,98.72362742530836,98.72362742530836,287.174721201378,574.349442402756,79377.0,华东,False,Taizhou,24.0,16.0,39.0,39.0,False,False
合肥,合肥市,3,240.0,79,203.71062231135812,317.3021513388592,203.71062231135812,317.3021513388592,66.79465993245442,68.9690933227539,1.0,1.0,road_outside,Road outside historical hotspots,km,1.0,64.20083237753018,64.20083237753018,203.71062231135812,203.71062231135812,107211.0,华东,False,Hefei,31.0,33.0,148.0,147.0,False,False
吉安,吉安市,1,26.0,15,24.875030173932508,24.875030173932508,24.875030173932508,24.875030173932508,51.74658203125,51.74658203125,1.0,1.0,road_outside,Road outside historical hotspots,km,1.0,100.0,100.0,24.875030173932508,24.875030173932508,48535.0,华东,False,Jian,113.0,121.0,6.0,9.0,False,False
吉林,吉林市,2,47.0,23,59.255560350765435,74.64804236756521,59.255560350765435,74.64804236756521,37.55934143066406,40.41184997558594,1.0,1.0,road_outside,Road outside historical hotspots,km,1.0,79.37992540915198,79.37992540915198,59.255560350765435,59.255560350765435,20079.0,东北,False,Jilin,72.0,78.0,89.0,89.0,False,False
周口,周口市,1,19.0,16,40.19560741796749,43.33047349673953,76.27246691355448,82.22097682871215,90.84552001953124,90.84552001953124,1.8975323875678165,1.8975323875678165,road_outside,Road outside historical hotspots,km,1.0,92.76521619592287,92.76521619592287,40.19560741796749,76.27246691355448,36221.0,华中,False,Zhoukou,88.0,70.0,52.0,53.0,False,False
呼伦贝尔,呼伦贝尔市,1,1.0,1,1.014072046741782,1.014072046741782,1.014072046741782,1.014072046741782,53.30622100830078,53.30622100830078,1.0,1.0,road_outside,Road outside historical hotspots,km,1.0,100.0,100.0,1.014072046741782,1.014072046741782,52330.0,华北,False,Hulunbeier,175.0,175.0,34.0,34.0,False,False
呼和浩特,呼和浩特市,3,104.0,72,214.788698359816,233.3839100245745,214.788698359816,233.3839100245745,45.678393046061196,49.11623764038086,1.0,1.0,road_outside,Road outside historical hotspots,km,1.0,92.03235061800083,92.03235061800083,214.788698359816,214.788698359816,81179.0,华北,False,Huhehaote,29.0,32.0,55.0,56.0,False,False
咸宁,咸宁市,2,83.0,33,26.978140800817748,34.68331106588911,27.220158483616125,35.00439956589919,51.923038482666016,71.56754302978516,1.014591145843088,1.0291822916861764,road_outside,Road outside historical hotspots,km,1.0,77.78421370891154,77.76210653855532,26.978140800817748,27.220158483616125,56890.0,华中,False,Xianning,109.0,114.0,92.0,93.0,False,False
咸阳,咸阳市,2,31.0,19,36.837717563037046,43.18302464193448,36.837717563037046,43.18302464193448,40.37395095825195,47.83387756347656,1.0,1.0,road_outside,Road outside historical hotspots,km,1.0,85.30601519575916,85.30601519575916,36.837717563037046,36.837717563037046,55677.0,西北,False,Xianyang,96.0,101.0,72.0,72.0,False,False
哈尔滨,哈尔滨市,2,53.0,43,107.02593013794929,129.5844633832004,125.88991077934179,150.49814226404814,82.74348831176758,98.58970642089844,1.5,2.0,road_outside,Road outside historical hotspots,km,1.0,82.59163741061906,83.64881378965373,107.02593013794929,125.88991077934179,51786.0,东北,False,Haerbin,53.0,49.0,83.0,80.0,False,False
唐山,唐山市,2,27.0,27,49.7675017440152,58.47810662858952,97.64522063995796,115.0664304091066,92.31704330444336,93.4897689819336,1.9554956584780514,2.0,road_outside,Road outside historical hotspots,km,1.0,85.1045025450332,84.85986772405352,49.7675017440152,97.64522063995796,93405.0,华北,False,Tangshan,81.0,63.0,74.0,76.0,False,False
商丘,商丘市,4,330.0,101,120.55136338994855,209.80624736747407,122.25312158776349,213.67204412539655,62.73172378540039,73.09719848632812,1.0245208821832663,1.098083528733065,road_outside,Road outside historical hotspots,km,1.0,57.45842409487633,57.215309605976095,120.55136338994855,122.25312158776349,37408.0,华中,False,Shangqiu,46.0,51.0,157.0,159.0,False,False
嘉兴,嘉兴市,2,16.0,11,19.54818232851581,19.54818232851581,19.54818232851581,19.54818232851581,57.63397789001465,59.53095626831056,1.0,1.0,road_outside,Road outside historical hotspots,km,1.0,100.0,100.0,19.54818232851581,19.54818232851581,101839.0,华东,False,Jiaxing,126.0,129.0,11.0,11.0,False,False
大庆,大庆市,1,12.0,10,19.361536726361564,19.361536726361564,19.361536726361564,19.361536726361564,51.94760894775391,51.94760894775391,1.0,1.0,road_outside,Road outside historical hotspots,km,1.0,100.0,100.0,19.361536726361564,19.361536726361564,82773.0,东北,False,Daqing,127.0,131.0,12.0,13.0,False,False
大连,大连市,3,597.0,235,397.49692354335036,616.6823695457399,588.8103441971341,860.3064246343866,69.01069895426433,86.8176040649414,1.2387001415666488,1.7161004246999463,road_outside,Road outside historical hotspots,km,1.0,64.45731922515546,68.4419327040789,397.49692354335036,588.8103441971341,94368.0,东北,False,Dalian,18.0,12.0,146.0,125.0,False,False
天津,天津,5,1087.0,411,853.5394515693039,1298.9088767088315,1462.5840456878686,2205.7654966841965,78.76815490722656,93.4897689819336,1.4628955661102894,2.0,road_outside,Road outside historical hotspots,km,1.0,65.7120346834489,66.30732269076151,853.5394515693039,1462.5840456878686,101541.0,华北,False,Tianjin,5.0,3.0,142.0,137.0,False,False
太原,太原市,4,631.0,237,583.8606672203945,880.9465532587354,583.8606672203945,880.9465532587354,32.626954078674316,44.09000015258789,1.0,1.0,road_outside,Road outside historical hotspots,km,1.0,66.27651417224101,66.27651417224101,583.8606672203945,583.8606672203945,78069.0,华北,False,Taiyuan,10.0,14.0,136.0,138.0,False,False
威海,威海市,1,32.0,20,68.5737831412398,75.82489111203449,68.5737831412398,75.82489111203449,61.84230041503906,61.84230041503906,1.0,1.0,road_outside,Road outside historical hotspots,km,1.0,90.4370347725513,90.4370347725513,68.5737831412398,68.5737831412398,103704.0,华东,False,Weihai,66.0,74.0,59.0,59.0,False,False
孝感,孝感市,2,99.0,34,21.5214905706846,30.016807362683267,23.33613254414363,33.40199871365307,68.45417594909668,78.00809478759766,1.1596440665775063,1.3192881331550126,road_outside,Road outside historical hotspots,km,1.0,71.6981333512504,69.8644795007581,21.5214905706846,23.33613254414363,52984.0,华中,False,Xiaogan,122.0,125.0,114.0,119.0,False,False
宁德,宁德市,2,30.0,13,16.70613256941285,25.974879634833812,16.70613256941285,25.974879634833812,47.431650161743164,55.36602783203125,1.0,1.0,road_outside,Road outside historical hotspots,km,1.0,64.31649657005134,64.31649657005134,16.70613256941285,16.70613256941285,83142.0,华东,False,Ningde,132.0,135.0,147.0,146.0,False,False
宁波,宁波市,5,872.0,358,800.0020958627326,1355.1254612342263,1058.6737883119583,1765.6956095535509,67.78364334106445,84.60758972167967,1.2090412224215918,1.616553352520543,road_outside,Road outside historical hotspots,km,1.0,59.03527892790854,59.957887564756405,800.0020958627326,1058.6737883119583,131726.0,华东,False,Ningbo,7.0,5.0,155.0,155.0,False,False
安庆,安庆市,2,104.0,42,66.31237910437613,96.04580430099546,75.70493056499618,110.879159989241,75.10396575927734,78.83638000488281,1.188475614728627,1.3565971074436256,road_outside,Road outside historical hotspots,km,1.0,69.04245280362429,68.27696978615467,66.31237910437613,75.70493056499618,59176.0,华东,False,Anqing,67.0,71.0,124.0,127.0,False,False
安阳,安阳市,2,343.0,158,293.35107769567435,378.6014081186895,293.35107769567435,378.6014081186895,48.63548278808594,64.88201904296875,1.0,1.0,road_outside,Road outside historical hotspots,km,1.0,77.4828279570768,77.4828279570768,293.35107769567435,293.35107769567435,41979.0,华中,False,Anyang,22.0,26.0,95.0,95.0,False,False
安顺,安顺市,1,1.0,1,2.5601580998348,2.5601580998348,2.5601580998348,2.5601580998348,70.3630142211914,70.3630142211914,1.0,1.0,road_outside,Road outside historical hotspots,km,1.0,100.0,100.0,2.5601580998348,2.5601580998348,39139.0,西南,False,Anshun,171.0,171.0,33.0,33.0,False,False
宜宾,宜宾市,2,82.0,15,24.822580134891354,25.899017815681013,24.822580134891354,25.899017815681013,51.94028854370117,56.21794891357422,1.0,1.0,road_outside,Road outside historical hotspots,km,1.0,95.84371234287536,95.84371234287536,24.822580134891354,24.822580134891354,61048.0,西南,False,Yibin,114.0,122.0,41.0,40.0,False,False
宜昌,宜昌市,2,240.0,51,90.1189410074139,123.96990817755604,124.67456369941665,172.18389764459795,62.96310234069824,80.45974731445312,1.2148597333431572,1.4297194666863144,road_outside,Road outside historical hotspots,km,1.0,72.69420646689593,72.40779504059981,90.1189410074139,124.67456369941665,106802.0,华中,False,Yichang,58.0,50.0,112.0,112.0,False,False
宜春,宜春市,1,46.0,4,7.825225541108725,8.915603820860682,11.009019734506865,12.54303251622231,79.95231628417967,79.95231628417967,1.4068629302340903,1.4068629302340903,road_outside,Road outside historical hotspots,km,1.0,87.77000075754043,87.77000075754043,7.825225541108725,11.009019734506865,55686.0,华东,False,Yichun,156.0,153.0,65.0,68.0,False,False
宝鸡,宝鸡市,3,40.0,26,38.70228187186891,67.48511022095676,38.70228187186891,67.48511022095676,44.44083023071289,54.84000015258789,1.0,1.0,road_outside,Road outside historical hotspots,km,1.0,57.34936454152867,57.34936454152867,38.70228187186891,38.70228187186891,68582.0,西北,False,Baoji,90.0,95.0,158.0,158.0,False,False
宣城,宣城市,2,18.0,8,15.865130332695076,17.585550869343642,15.865130332695076,17.585550869343642,60.74458312988281,61.32528305053711,1.0,1.0,road_outside,Road outside historical hotspots,km,1.0,90.21685161055873,90.21685161055873,15.865130332695076,15.865130332695076,64300.0,华东,False,Xuancheng,136.0,138.0,60.0,60.0,False,False
岳阳,岳阳市,2,79.0,31,73.26249791736598,98.24945366122019,142.4859269740555,178.9288731148701,81.15538597106934,103.49646759033205,1.5,2.0,road_outside,Road outside historical hotspots,km,1.0,74.56784255512176,79.63271913224497,73.26249791736598,142.4859269740555,79238.0,华中,False,Yueyang,62.0,44.0,109.0,88.0,False,False
崇左,崇左市,1,10.0,4,2.575266290514956,2.575266290514956,2.8105220221072633,2.8105220221072633,72.94775390625,72.94775390625,1.0913520021050969,1.0913520021050969,road_outside,Road outside historical hotspots,km,1.0,100.0,100.0,2.575266290514956,2.8105220221072633,38708.0,华南,False,Chongzuo,170.0,170.0,32.0,32.0,False,False
巴中,巴中市,1,10.0,4,0.7515366615745318,0.7515366615745318,0.7515366615745318,0.7515366615745318,64.32393646240234,64.32393646240234,1.0,1.0,road_outside,Road outside historical hotspots,km,1.0,100.0,100.0,0.7515366615745318,0.7515366615745318,28302.0,西南,False,Bazhong,176.0,176.0,35.0,35.0,False,False
常州,常州市,2,33.0,25,53.76088351614704,57.77786889651057,53.76088351614704,57.77786889651057,58.64192008972168,65.37018585205078,1.0,1.0,road_outside,Road outside historical hotspots,km,1.0,93.04753626763458,93.04753626763458,53.76088351614704,53.76088351614704,147828.0,华东,False,Changzhou,79.0,84.0,49.0,50.0,False,False
平顶山,平顶山市,2,18.0,11,14.124640182268791,14.124640182268791,14.124640182268791,14.124640182268791,50.464420318603516,53.93280029296874,1.0,1.0,road_outside,Road outside historical hotspots,km,1.0,100.0,100.0,14.124640182268791,14.124640182268791,49215.0,华中,False,Pingdingshan,140.0,142.0,14.0,16.0,False,False
广元,广元市,2,12.0,5,2.4074155831945796,3.4273263567564958,2.4074155831945796,3.4273263567564958,53.69725036621094,54.42211532592773,1.0,1.0,road_outside,Road outside historical hotspots,km,1.0,70.2417958665855,70.2417958665855,2.4074155831945796,2.4074155831945796,43636.0,西南,False,Guangyuan,173.0,173.0,118.0,118.0,False,False
广安,广安市,2,18.0,6,7.051111045614574,7.051111045614574,10.368930782749494,10.368930782749494,79.96369934082031,93.12347412109376,1.5,2.0,road_outside,Road outside historical hotspots,km,1.0,100.0,100.0,7.051111045614574,10.368930782749494,40048.0,西南,False,Guangan,158.0,154.0,23.0,20.0,False,False
广州,广州市,6,917.0,362,974.4742814100715,1355.1819851250727,1146.584799017307,1593.5046890529263,65.2979081471761,90.1312484741211,1.1442265005210792,1.8653590031264755,road_outside,Road outside historical hotspots,km,1.0,71.90726353406588,71.95365077330027,974.4742814100715,1146.584799017307,133506.0,华南,False,Guangzhou,4.0,4.0,113.0,113.0,False,False
庆阳,庆阳市,1,3.0,3,4.457981797124508,6.467179567708969,4.457981797124508,6.467179567708969,50.959999084472656,50.959999084472656,1.0,1.0,road_outside,Road outside historical hotspots,km,1.0,68.9323954971575,68.9323954971575,4.457981797124508,4.457981797124508,34620.0,西北,False,Qingyang,165.0,167.0,125.0,123.0,False,False
廊坊,廊坊市,2,160.0,48,53.22934919547398,68.89874711129909,53.22934919547398,68.89874711129909,68.9351921081543,70.259033203125,1.0,1.0,road_outside,Road outside historical hotspots,km,1.0,77.25735434562728,77.25735434562728,53.22934919547398,53.22934919547398,60129.0,华北,False,Langfang,80.0,85.0,96.0,96.0,False,False
延安,延安市,1,4.0,4,8.90480941681624,8.90480941681624,8.90480941681624,8.90480941681624,55.77000045776368,55.77000045776368,1.0,1.0,road_outside,Road outside historical hotspots,km,1.0,100.0,100.0,8.90480941681624,8.90480941681624,70240.0,西北,False,Yanan,155.0,157.0,21.0,22.0,False,False
开封,开封市,2,181.0,34,22.18555293699766,30.3318458717934,31.304510767474003,42.640826068598855,82.93410110473633,86.25491333007812,1.5411733475670917,1.6907547904650815,road_outside,Road outside historical hotspots,km,1.0,73.1427722228694,73.41440974223286,22.18555293699766,31.304510767474003,49106.0,华中,False,Kaifeng,119.0,110.0,111.0,111.0,False,False
张家界,张家界市,1,8.0,5,5.491902710310807,5.491902710310807,5.491902710310807,5.491902710310807,63.89422225952149,63.89422225952149,1.0,1.0,road_outside,Road outside historical hotspots,km,1.0,100.0,100.0,5.491902710310807,5.491902710310807,36623.0,华中,False,Zhangjiajie,161.0,161.0,25.0,25.0,False,False
徐州,徐州市,2,36.0,27,61.39312801503277,72.28495318762585,61.39312801503277,72.28495318762585,49.87173271179199,54.0761833190918,1.0,1.0,road_outside,Road outside historical hotspots,km,1.0,84.93209901606798,84.93209901606798,61.39312801503277,61.39312801503277,80614.0,华东,False,Xuzhou,69.0,76.0,75.0,74.0,False,False
德州,德州市,2,28.0,17,35.74488449680453,46.813411025871794,35.74488449680453,46.813411025871794,54.99170112609863,62.88340377807618,1.0,1.0,road_outside,Road outside historical hotspots,km,1.0,76.35607769972123,76.35607769972123,35.74488449680453,35.74488449680453,54883.0,华东,False,Dezhou,98.0,104.0,101.0,101.0,False,False
德阳,德阳市,3,303.0,94,30.71923269731841,46.39395613280917,30.71923269731841,46.39395613280917,58.2171262105306,61.682899475097656,1.0,1.0,road_outside,Road outside historical hotspots,km,1.0,66.21386761969667,66.21386761969667,30.71923269731841,30.71923269731841,69483.0,西南,False,Deyang,107.0,112.0,138.0,140.0,False,False
怀化,怀化市,2,27.0,22,17.02490493809669,18.130889347188518,17.02490493809669,18.130889347188518,52.20021057128906,62.18960571289063,1.0,1.0,road_outside,Road outside historical hotspots,km,1.0,93.89999912352161,93.89999912352161,17.02490493809669,17.02490493809669,36503.0,华中,False,Huaihua,130.0,133.0,47.0,46.0,False,False
恩施土家族苗族,恩施土家族苗族自治州,1,214.0,14,4.789927172117391,4.789927172117391,4.789927172117391,4.789927172117391,51.69566345214844,51.69566345214844,1.0,1.0,road_outside,Road outside historical hotspots,km,1.0,100.0,100.0,4.789927172117391,4.789927172117391,63609.0,,True,Enshitujiazu,163.0,164.0,26.0,27.0,False,False
惠州,惠州市,3,210.0,91,148.95023038919769,195.86220623217315,217.54677640588372,283.9899362374763,81.8773676554362,102.26459503173828,1.3947102588344384,2.0,road_outside,Road outside historical hotspots,km,1.0,76.04847982393986,76.60369211955741,148.95023038919769,217.54677640588372,69666.0,华南,False,Huizhou,39.0,31.0,103.0,100.0,False,False
成都,成都市,5,2813.0,665,1000.4742021643754,1420.1083667702758,1000.4742021643754,1420.1083667702758,61.929589080810544,67.71067810058594,1.0,1.0,road_outside,Road outside historical hotspots,km,1.0,70.45055332219005,70.45055332219005,1000.4742021643754,1000.4742021643754,84566.0,西南,False,Chengdu,3.0,6.0,117.0,117.0,False,False
扬州,扬州市,2,35.0,17,34.25227773352357,44.076529753585795,34.25227773352357,44.076529753585795,53.600589752197266,56.54750061035156,1.0,1.0,road_outside,Road outside historical hotspots,km,1.0,77.71092217335239,77.71092217335239,34.25227773352357,34.25227773352357,132638.0,华东,False,Yangzhou,99.0,105.0,93.0,94.0,False,False
抚州,抚州市,1,15.0,8,11.108961794024626,17.008935283260815,11.108961794024626,17.008935283260815,53.88334274291992,53.88334274291992,1.0,1.0,road_outside,Road outside historical hotspots,km,1.0,65.31250550972116,65.31250550972116,11.108961794024626,11.108961794024626,43439.0,华东,False,Fuzhou,150.0,152.0,144.0,144.0,False,False
揭阳,揭阳市,1,16.0,16,20.283879028514463,20.546064536583454,24.27608768466573,24.589875711826807,75.28914642333984,75.28914642333984,1.1968168243627928,1.1968168243627928,road_outside,Road outside historical hotspots,km,1.0,98.72391373247098,98.72391373247098,20.283879028514463,24.27608768466573,37672.0,华南,False,Jieyang,125.0,123.0,38.0,38.0,False,False
新乡,新乡市,3,2519.0,304,488.548081637207,639.3592123252366,577.0542475487603,765.4691679892269,76.96704228719075,97.36841583251952,1.3792900867227604,2.0,road_outside,Road outside historical hotspots,km,1.0,76.41214394337791,75.38569437938246,488.548081637207,577.0542475487603,48154.0,华中,False,Xinxiang,15.0,15.0,100.0,108.0,False,False
无锡,无锡市,3,116.0,55,174.28504992336647,224.49914164343198,194.7045290360583,249.39530945001576,61.2757199605306,74.61311340332033,1.0554552806589201,1.16636584197676,road_outside,Road outside historical hotspots,km,1.0,77.63283576388027,78.07064594175189,174.28504992336647,194.7045290360583,165824.0,华东,False,Wuxi,35.0,36.0,94.0,91.0,False,False
昆明,昆明市,7,2929.0,441,683.6647705922709,1223.6074252489914,683.6647705922709,1223.6074252489914,35.88743509565081,53.49245834350586,1.0,1.0,road_outside,Road outside historical hotspots,km,1.0,55.872885084295085,55.872885084295085,683.6647705922709,683.6647705922709,79595.0,西南,False,Kunming,8.0,10.0,160.0,160.0,False,False
晋城,晋城市,1,24.0,13,21.701357193921325,25.775994911918552,25.696081529390153,30.520767011905164,75.00631713867188,75.00631713867188,1.1840771662238605,1.1840771662238605,road_outside,Road outside historical hotspots,km,1.0,84.19212243049769,84.1921224304977,21.701357193921325,25.696081529390153,65100.0,华北,False,Jincheng,121.0,117.0,78.0,78.0,False,False
景德镇,景德镇市,3,340.0,79,96.83539528226883,158.13974605810125,97.05703677489315,159.06605865127614,65.74795405069987,71.86345672607422,1.014170439747825,1.0425113192434752,road_outside,Road outside historical hotspots,km,1.0,61.23406524675402,61.01681125303629,96.83539528226883,97.05703677489315,59082.0,华东,False,Jingdezhen,57.0,64.0,153.0,153.0,False,False
杭州,杭州市,7,385.0,173,525.370668089398,702.7732602051627,636.6852722004688,864.7966137078555,73.53802163260323,154.96066284179688,1.1903756965672714,2.0,road_outside,Road outside historical hotspots,km,1.0,74.75678114674211,73.62254455075295,525.370668089398,636.6852722004688,134551.0,华东,False,Hangzhou,11.0,11.0,108.0,110.0,False,False
枣庄,枣庄市,2,32.0,17,12.097564074817557,36.43805018780101,12.097564074817557,36.43805018780101,47.881330490112305,49.867305755615234,1.0,1.0,road_outside,Road outside historical hotspots,km,1.0,33.20036064626659,33.20036064626659,12.097564074817557,12.097564074817557,44902.0,华东,False,Zaozhuang,147.0,150.0,176.0,176.0,False,False
柳州,柳州市,3,163.0,43,106.56479865611705,119.67901029257615,139.9640784231949,158.21695634366074,82.2008794148763,91.804931640625,1.5081463797980614,1.940747771298685,road_outside,Road outside historical hotspots,km,1.0,89.04217907183629,88.4633870210352,106.56479865611705,139.9640784231949,76367.0,华南,False,Liuzhou,55.0,46.0,63.0,65.0,False,False
株洲,株洲市,3,163.0,58,71.89753347669296,93.57265813608122,105.63230815638192,138.9001685615697,70.77059809366862,85.81729888916016,1.4146455562674192,1.6710430467519093,road_outside,Road outside historical hotspots,km,1.0,76.8360490220696,76.04908564927963,71.89753347669296,105.63230815638192,79635.0,华中,False,Zhuzhou,64.0,59.0,99.0,103.0,False,False
桂林,桂林市,3,287.0,83,120.29802943176249,178.28053451112885,120.3644196937506,178.3931073088926,68.37057240804036,71.01178741455078,1.001383013475276,1.0041490404258278,road_outside,Road outside historical hotspots,km,1.0,67.47681667078079,67.47145195769043,120.29802943176249,120.3644196937506,43213.0,华南,False,Guilin,47.0,52.0,131.0,132.0,False,False
梅州,梅州市,2,38.0,6,12.680468036484415,12.680468036484415,12.680468036484415,12.680468036484415,64.90172004699707,68.54344177246094,1.0,1.0,road_outside,Road outside historical hotspots,km,1.0,100.0,100.0,12.680468036484415,12.680468036484415,31213.0,华南,False,Meizhou,144.0,146.0,16.0,18.0,False,False
梧州,梧州市,1,9.0,4,10.163961678322837,10.163961678322837,10.163961678322837,10.163961678322837,62.07012939453125,62.07012939453125,1.0,1.0,road_outside,Road outside historical hotspots,km,1.0,100.0,100.0,10.163961678322837,10.163961678322837,38345.0,华南,False,Wuzhou,151.0,155.0,19.0,21.0,False,False
榆林,榆林市,2,38.0,27,58.76288017678799,63.33356663364185,58.76288017678799,63.33356663364185,48.19119644165039,53.579872131347656,1.0,1.0,road_outside,Road outside historical hotspots,km,1.0,92.7831532316925,92.7831532316925,58.76288017678799,58.76288017678799,112662.0,西北,False,Yulin,73.0,79.0,51.0,52.0,False,False
武汉,武汉市,5,688.0,280,595.3868703007888,942.3772133112317,713.4829441855074,1120.9659397529601,63.97886276245117,80.79363250732422,1.1063203529673307,1.4447588683516077,road_outside,Road outside historical hotspots,km,1.0,63.17925156623614,63.648940514887165,595.3868703007888,713.4829441855074,126650.0,华中,False,Wuhan,9.0,9.0,149.0,149.0,False,False
永州,永州市,1,16.0,11,24.018100148070385,24.018100148070385,24.018100148070385,24.018100148070385,51.28487777709961,51.28487777709961,1.0,1.0,road_outside,Road outside historical hotspots,km,1.0,100.0,100.0,24.018100148070385,24.018100148070385,39722.0,华中,False,Yongzhou,116.0,124.0,8.0,10.0,False,False
汕头,汕头市,3,752.0,130,138.89159355413437,164.64770473563794,138.89159355413437,164.64770473563794,43.58767954508463,55.36534881591797,1.0,1.0,road_outside,Road outside historical hotspots,km,1.0,84.35683557031167,84.35683557031167,138.89159355413437,138.89159355413437,49646.0,华南,False,Shantou,41.0,47.0,77.0,77.0,False,False
江门,江门市,2,44.0,29,34.18312541972369,37.29924297370224,45.09832689265708,48.21444444663563,73.62593460083008,84.11186981201172,1.2971121637359655,1.594224327471931,road_outside,Road outside historical hotspots,km,1.0,91.64562788532848,93.53696264730891,34.18312541972369,45.09832689265708,66686.0,华南,False,Jiangmen,100.0,90.0,56.0,48.0,False,False
池州,池州市,3,46.0,25,31.1899772902162,33.664649132113006,31.1899772902162,33.664649132113006,62.51092274983724,66.32328033447266,1.0,1.0,road_outside,Road outside historical hotspots,km,1.0,92.649049059786,92.649049059786,31.1899772902162,31.1899772902162,65029.0,华东,False,Chizhou,106.0,111.0,53.0,54.0,False,False
沧州,沧州市,2,105.0,9,9.97406677288511,15.065820048973643,12.501986131863017,19.63447867818914,90.9412841796875,105.33614349365234,1.6267246057470839,2.0,road_outside,Road outside historical hotspots,km,1.0,66.20327828464,63.67363420629438,9.97406677288511,12.501986131863017,50684.0,华北,False,Cangzhou,153.0,147.0,140.0,148.0,False,False
河源,河源市,1,18.0,13,12.692667694021146,18.376602404273203,12.692667694021146,18.376602404273203,54.46828079223633,54.46828079223633,1.0,1.0,road_outside,Road outside historical hotspots,km,1.0,69.06971928102257,69.06971928102257,12.692667694021146,12.692667694021146,38828.0,华南,False,Heyuan,143.0,145.0,123.0,121.0,False,False
泉州,泉州市,4,123.0,66,132.159354431866,160.53250202001124,141.13132024016738,172.56420929393445,59.18129348754883,74.47318267822266,1.0400157134821983,1.1600628539287932,road_outside,Road outside historical hotspots,km,1.0,82.32560557449708,81.78481552902643,132.159354431866,141.13132024016738,115570.0,华东,False,Quanzhou,43.0,45.0,84.0,83.0,False,False
泰安,泰安市,2,30.0,22,36.85891054606909,41.175773348627516,36.85891054606909,41.175773348627516,35.683834075927734,37.50313186645508,1.0,1.0,road_outside,Road outside historical hotspots,km,1.0,89.51601281168817,89.51601281168817,36.85891054606909,36.85891054606909,50482.0,华东,False,Taian,95.0,100.0,61.0,61.0,False,False
泸州,泸州市,1,9.0,3,5.344960655914543,7.94725846588006,5.344960655914543,7.94725846588006,61.2435302734375,61.2435302734375,1.0,1.0,road_outside,Road outside historical hotspots,km,1.0,67.25540233606401,67.25540233606401,5.344960655914543,5.344960655914543,50638.0,西南,False,Luzhou,162.0,162.0,132.0,133.0,False,False
洛阳,洛阳市,3,395.0,92,118.10644041971327,147.799324291705,118.10644041971327,147.799324291705,52.43880844116211,67.44999694824219,1.0,1.0,road_outside,Road outside historical hotspots,km,1.0,79.91000025589548,79.91000025589548,118.10644041971327,118.10644041971327,72639.0,华中,False,Luoyang,48.0,53.0,87.0,86.0,False,False
济南,济南市,7,261.0,115,235.03964473930276,412.07941847606844,316.9037592911001,539.0930017820764,67.81537846156529,102.05913543701172,1.2675890307064608,2.0,road_outside,Road outside historical hotspots,km,1.0,57.037462731944885,58.78461754159547,235.03964473930276,316.9037592911001,109750.0,华东,False,Jinan,27.0,23.0,159.0,156.0,False,False
济宁,济宁市,3,134.0,57,108.52996147804481,155.84570236548475,108.52996147804481,155.84570236548475,58.098734537760414,67.75483703613281,1.0,1.0,road_outside,Road outside historical hotspots,km,1.0,69.63936754798893,69.63936754798893,108.52996147804481,108.52996147804481,53759.0,华东,False,Jining,51.0,56.0,120.0,120.0,False,False
海口,海口市,7,1019.0,219,230.51000024903692,458.2909905566005,287.1472303321885,575.5210161006471,72.8697395324707,109.76377868652344,1.2622999740702003,2.0,road_outside,Road outside historical hotspots,km,1.0,50.29773768170295,49.8934395615489,230.51000024903692,287.1472303321885,61992.0,华南,False,Haikou,28.0,27.0,164.0,168.0,False,False
淮北,淮北市,2,50.0,27,13.690443710748154,29.546734233917643,13.690443710748154,29.546734233917643,57.45667266845703,61.999996185302734,1.0,1.0,road_outside,Road outside historical hotspots,km,1.0,46.33487952462934,46.33487952462934,13.690443710748154,13.690443710748154,56807.0,华东,False,Huaibei,141.0,143.0,172.0,172.0,False,False
淮南,淮南市,1,11.0,9,14.948611929344356,14.948611929344356,14.948611929344356,14.948611929344356,65.128662109375,65.128662109375,1.0,1.0,road_outside,Road outside historical hotspots,km,1.0,100.0,100.0,14.948611929344356,14.948611929344356,44132.0,华东,False,Huainan,137.0,139.0,13.0,15.0,False,False
深圳,深圳市,7,411.0,170,513.9531598395523,760.6248897058163,584.5684362332255,864.4741880154273,61.060455322265625,92.63880920410156,1.1438570236626397,1.9783086451696086,road_outside,Road outside historical hotspots,km,1.0,67.56985825671993,67.62127132739715,513.9531598395523,584.5684362332255,156949.0,华南,False,Shenzhen,12.0,13.0,130.0,131.0,False,False
清远,清远市,3,39.0,25,44.49424634263215,44.49424634263215,45.081534629565056,45.081534629565056,65.15728123982747,72.8165054321289,1.0293212144776485,1.0854400941726416,road_outside,Road outside historical hotspots,km,1.0,100.0,100.0,44.49424634263215,45.081534629565056,44764.0,华南,False,Qingyuan,85.0,91.0,2.0,3.0,False,False
温州,温州市,4,113.0,63,124.20203282197069,149.8669999888808,157.358623624999,193.5068296567357,76.23961544036865,120.0,1.25,2.0,road_outside,Road outside historical hotspots,km,1.0,82.87483757677522,81.31941591112806,124.20203282197069,157.358623624999,71646.0,华东,False,Wenzhou,45.0,43.0,80.0,84.0,False,False
渭南,渭南市,2,42.0,19,31.339862297157048,44.22835896410507,31.339862297157048,44.22835896410507,25.027162551879883,30.15432548522949,1.0,1.0,road_outside,Road outside historical hotspots,km,1.0,70.85920217521955,70.85920217521955,31.339862297157048,31.339862297157048,39792.0,西北,False,Weinan,105.0,109.0,115.0,115.0,False,False
湖州,湖州市,2,11.0,10,25.19069677822049,25.19069677822049,25.19069677822049,25.19069677822049,45.07565975189209,59.614501953125,1.0,1.0,road_outside,Road outside historical hotspots,km,1.0,100.0,100.0,25.19069677822049,25.19069677822049,94997.0,华东,False,Huzhou,111.0,118.0,5.0,8.0,False,False
湛江,湛江市,1,9.0,6,11.584018169787225,11.584018169787225,11.584018169787225,11.584018169787225,61.492408752441406,61.492408752441406,1.0,1.0,road_outside,Road outside historical hotspots,km,1.0,100.0,100.0,11.584018169787225,11.584018169787225,44415.0,华南,False,Zhanjiang,148.0,151.0,17.0,19.0,False,False
滁州,滁州市,1,3.0,3,4.3161810014320885,4.3161810014320885,4.3161810014320885,4.3161810014320885,57.46814727783203,57.46814727783203,1.0,1.0,road_outside,Road outside historical hotspots,km,1.0,100.0,100.0,4.3161810014320885,4.3161810014320885,75992.0,华东,False,Chuzhou,166.0,168.0,28.0,30.0,False,False
滨州,滨州市,2,33.0,22,12.130184536883677,13.134956970299209,12.130184536883677,13.134956970299209,53.516042709350586,55.31999969482422,1.0,1.0,road_outside,Road outside historical hotspots,km,1.0,92.35039417572875,92.35039417572875,12.130184536883677,12.130184536883677,63819.0,华东,False,Binzhou,146.0,149.0,54.0,55.0,False,False
漯河,漯河市,1,58.0,23,11.132603638630926,11.132603638630926,17.14548286965088,17.14548286965088,82.91059112548828,82.91059112548828,1.540114372720038,1.540114372720038,road_outside,Road outside historical hotspots,km,1.0,100.0,100.0,11.132603638630926,17.14548286965088,66408.0,华中,False,Tahe,149.0,132.0,18.0,14.0,False,False
漳州,漳州市,2,25.0,13,45.43292544766851,45.43292544766851,45.43292544766851,45.43292544766851,52.001020431518555,53.09890365600586,1.0,1.0,road_outside,Road outside historical hotspots,km,1.0,100.0,100.0,45.43292544766851,45.43292544766851,90012.0,华东,False,Zhangzhou,84.0,89.0,1.0,2.0,False,False
潍坊,潍坊市,2,130.0,51,132.22069230365062,199.69496130519076,237.3736967523501,359.66534890892774,89.23894119262695,90.40814208984376,1.8251662425555168,1.8778312971794089,road_outside,Road outside historical hotspots,km,1.0,66.21133124214374,65.9984892824514,132.22069230365062,237.3736967523501,62536.0,华东,False,Weifang,42.0,29.0,139.0,141.0,False,False
濮阳,濮阳市,2,67.0,31,55.656493837775756,68.04266432529752,55.656493837775756,68.04266432529752,31.965561866760254,32.65576934814453,1.0,1.0,road_outside,Road outside historical hotspots,km,1.0,81.79646460005429,81.79646460005429,55.656493837775756,55.656493837775756,43766.0,华中,False,Puyang,76.0,83.0,85.0,82.0,False,False
焦作,焦作市,2,13.0,10,16.80694771719636,27.383850069657573,16.80694771719636,27.383850069657573,43.73809623718262,43.88701248168945,1.0,1.0,road_outside,Road outside historical hotspots,km,1.0,61.37540073599491,61.37540073599491,16.80694771719636,16.80694771719636,60329.0,华中,False,Jiaozuo,131.0,134.0,151.0,151.0,False,False
玉林,玉林市,2,48.0,20,57.75054643318824,60.24750881018931,87.96862676454163,91.85863397121433,69.17031669616699,83.30535125732422,1.2789479013585978,1.5578958027171956,road_outside,Road outside historical hotspots,km,1.0,95.85549273934663,95.76522419450335,57.75054643318824,87.96862676454163,30363.0,华南,False,Yulin,74.0,65.0,40.0,41.0,False,False
珠海,珠海市,5,358.0,147,328.79616707975055,496.21651609019443,329.2716598127603,497.0776514247217,65.67051391601562,71.55536651611328,1.0057267634577352,1.028633817288676,road_outside,Road outside historical hotspots,km,1.0,66.26062543633415,66.24149343045364,328.79616707975055,329.2716598127603,142120.0,华南,False,Zhuhai,19.0,21.0,137.0,139.0,False,False
盐城,盐城市,1,13.0,11,42.361092424299486,42.361092424299486,42.361092424299486,42.361092424299486,51.834266662597656,51.834266662597656,1.0,1.0,road_outside,Road outside historical hotspots,km,1.0,100.0,100.0,42.361092424299486,42.361092424299486,88724.0,华东,False,Yancheng,86.0,93.0,3.0,4.0,False,False
眉山,眉山市,2,91.0,38,36.45634105886801,44.06605001712228,36.45634105886801,44.06605001712228,47.61364555358887,54.36734008789063,1.0,1.0,road_outside,Road outside historical hotspots,km,1.0,82.73112984872154,82.73112984872154,36.45634105886801,36.45634105886801,48099.0,西南,False,Meishan,97.0,102.0,81.0,81.0,False,False
石家庄,石家庄市,6,1334.0,335,500.8018846053634,832.3918029290767,500.8018846053634,832.3918029290767,51.7627747853597,64.77916717529297,1.0,1.0,road_outside,Road outside historical hotspots,km,1.0,60.16420186300583,60.16420186300583,500.8018846053634,500.8018846053634,52803.0,华北,False,Shijiazhuang,14.0,17.0,154.0,154.0,False,False
福州,福州市,5,1664.0,242,437.85700652771317,745.4861288339891,437.85700652771317,745.4861288339891,55.128614807128905,62.6599998474121,1.0,1.0,road_outside,Road outside historical hotspots,km,1.0,58.734427052662,58.734427052662,437.85700652771317,437.85700652771317,120432.0,华东,False,Fuzhou,16.0,18.0,156.0,157.0,False,False
秦皇岛,秦皇岛市,3,138.0,36,56.525676288285815,119.94361067330411,82.05935382832146,158.27546274483228,59.64064153035482,87.1716537475586,1.2440160360717452,1.7320481082152355,road_outside,Road outside historical hotspots,km,1.0,47.12687568014555,51.84590991252731,56.525676288285815,82.05935382832146,53688.0,华北,False,Qinhuangdao,75.0,67.0,170.0,163.0,False,False
绍兴,绍兴市,1,1.0,1,0.0,0.0,0.0,0.0,86.7954330444336,86.7954330444336,1.7151017614172797,1.7151017614172797,road_outside,Road outside historical hotspots,km,1.0,,,0.0,0.0,113434.0,华东,False,Shaoxing,177.0,177.0,177.0,177.0,False,False
绵阳,绵阳市,5,421.0,139,107.87206933111166,212.82466018836985,107.87206933111166,212.82466018836985,54.095130157470706,64.24278259277344,1.0,1.0,road_outside,Road outside historical hotspots,km,1.0,50.68588820282138,50.68588820282138,107.87206933111166,107.87206933111166,61808.0,西南,False,Mianyang,52.0,57.0,162.0,164.0,False,False
聊城,聊城市,2,43.0,17,18.997724691398787,22.998009148459595,25.02804911023118,33.028618024352795,83.57119560241698,110.0463409423828,1.5,2.0,road_outside,Road outside historical hotspots,km,1.0,82.60595327518276,75.7768583952783,18.997724691398787,25.02804911023118,38938.0,华东,False,Liaocheng,128.0,119.0,82.0,104.0,False,False
自贡,自贡市,3,41.0,19,16.19342906196084,21.231762670524503,16.19342906196084,21.231762670524503,54.31352996826172,57.73483657836914,1.0,1.0,road_outside,Road outside historical hotspots,km,1.0,76.26982890328625,76.26982890328625,16.19342906196084,16.19342906196084,58571.0,西南,False,Zigong,134.0,136.0,102.0,102.0,False,False
舟山,舟山市,2,80.0,51,40.72732259136374,58.7747466420635,56.37354906901312,81.67955852756258,86.7549991607666,110.0,1.5,2.0,road_outside,Road outside historical hotspots,km,1.0,69.29391433942192,69.01794045567718,40.72732259136374,56.37354906901312,130354.0,华东,False,Zhoushan,87.0,82.0,122.0,122.0,False,False
芜湖,芜湖市,2,55.0,32,68.6840682835898,85.63050274287805,68.6840682835898,85.63050274287805,51.915761947631836,55.88072967529297,1.0,1.0,road_outside,Road outside historical hotspots,km,1.0,80.20981552546391,80.20981552546391,68.6840682835898,68.6840682835898,102822.0,华东,False,Wuhu,65.0,73.0,86.0,85.0,False,False
苏州,苏州市,2,73.0,50,112.43915356244793,119.07421336853713,112.43915356244793,119.07421336853713,61.41836357116699,64.51640319824219,1.0,1.0,road_outside,Road outside historical hotspots,km,1.0,94.42779455065258,94.42779455065258,112.43915356244793,112.43915356244793,158199.0,华东,False,Suzhou,49.0,54.0,43.0,43.0,False,False
茂名,茂名市,1,6.0,4,6.270173939625603,6.270173939625603,6.270173939625603,6.270173939625603,68.88009643554688,68.88009643554688,1.0,1.0,road_outside,Road outside historical hotspots,km,1.0,100.0,100.0,6.270173939625603,6.270173939625603,53063.0,华南,False,Maoming,159.0,159.0,24.0,24.0,False,False
荆州,荆州市,1,410.0,38,73.13727382300111,77.52533796165277,126.92658127282486,134.54187714607326,87.24732971191406,87.24732971191406,1.735456828483911,1.735456828483911,road_outside,Road outside historical hotspots,km,1.0,94.33983229996086,94.33983229996085,73.13727382300111,126.92658127282486,45911.0,华中,False,Jingzhou,63.0,48.0,44.0,44.0,False,False
荆门,荆门市,1,9.0,6,3.382808147948027,3.382808147948027,4.723469611167415,4.723469611167415,79.71817016601562,79.71817016601562,1.3963161387182474,1.3963161387182474,road_outside,Road outside historical hotspots,km,1.0,100.0,100.0,3.382808147948027,4.723469611167415,75055.0,华中,False,Jingmen,167.0,165.0,29.0,28.0,False,False
莆田,莆田市,1,12.0,8,14.2438117949071,16.775126956451086,14.2438117949071,16.775126956451086,56.136268615722656,56.136268615722656,1.0,1.0,road_outside,Road outside historical hotspots,km,1.0,84.91030697940239,84.91030697940239,14.2438117949071,14.2438117949071,82366.0,华东,False,Putian,139.0,141.0,76.0,75.0,False,False
萍乡,萍乡市,2,29.0,16,20.57934062173272,43.10858819493627,41.15868124346544,86.21717638987253,84.74447631835938,102.9370346069336,1.5,2.0,road_outside,Road outside historical hotspots,km,1.0,47.73837762599255,47.73837762599255,20.57934062173272,41.15868124346544,53237.0,华东,False,Pingxiang,124.0,94.0,167.0,170.0,False,False
蚌埠,蚌埠市,2,49.0,28,47.018314807165694,98.79598406695187,47.018314807165694,98.79598406695187,57.87401580810547,60.766632080078125,1.0,1.0,road_outside,Road outside historical hotspots,km,1.0,47.59132190565804,47.59132190565804,47.018314807165694,47.018314807165694,63113.0,华东,False,Bengbu,83.0,88.0,168.0,171.0,False,False
衡阳,衡阳市,1,18.0,10,32.839402239224455,42.12112455046689,33.02045746615434,42.353353191794525,71.04207611083984,71.04207611083984,1.0055133533068281,1.0055133533068281,road_outside,Road outside historical hotspots,km,1.0,77.96421057058518,77.96421057058517,32.839402239224455,33.02045746615434,52838.0,华中,False,Hengyang,101.0,106.0,91.0,92.0,False,False
衢州,衢州市,2,44.0,19,32.331526625385806,37.46691417728182,38.4345872217766,43.56997477367262,72.81242942810059,90.16305541992188,1.4333958517396723,1.8667917034793446,road_outside,Road outside historical hotspots,km,1.0,86.29354014158477,88.21347136744477,32.331526625385806,38.4345872217766,71891.0,华东,False,Quzhou,103.0,96.0,71.0,67.0,False,False
襄阳,襄阳市,4,250.0,77,63.23500978697743,96.59579232193065,63.23500978697743,96.59579232193065,57.591339111328125,69.48784637451172,1.0,1.0,road_outside,Road outside historical hotspots,km,1.0,65.46352410074994,65.46352410074994,63.23500978697743,63.23500978697743,87489.0,华中,False,Xiangyang,68.0,75.0,143.0,143.0,False,False
西安,西安市,7,1635.0,368,808.3171640818957,1211.8926544114747,808.3171640818957,1211.8926544114747,30.531374795096262,40.45538711547851,1.0,1.0,road_outside,Road outside historical hotspots,km,1.0,66.69874275906348,66.69874275906348,808.3171640818957,808.3171640818957,77317.0,西北,False,Xian,6.0,8.0,135.0,136.0,False,False
许昌,许昌市,2,19.0,10,4.557669900618057,4.557669900618057,4.557669900618057,4.557669900618057,56.33907890319824,66.06041717529297,1.0,1.0,road_outside,Road outside historical hotspots,km,1.0,100.0,100.0,4.557669900618057,4.557669900618057,78749.0,华中,False,Xuchang,164.0,166.0,27.0,29.0,False,False
贵阳,贵阳市,5,217.0,92,166.94045841465103,244.91962201801405,167.16868500570268,245.3842838133989,44.7014274597168,71.29749298095705,1.003403651348022,1.01701825674011,road_outside,Road outside historical hotspots,km,1.0,68.16132453543163,68.1252614910029,166.94045841465103,167.16868500570268,71980.0,西南,False,Guiyang,37.0,41.0,127.0,128.0,False,False
赣州,赣州市,3,32.0,17,32.45557888330945,32.45557888330945,56.776267703625614,56.776267703625614,71.90070470174153,93.06143951416016,1.332448483070223,1.997345449210669,road_outside,Road outside historical hotspots,km,1.0,100.0,100.0,32.45557888330945,56.776267703625614,40637.0,华东,False,Ganzhou,102.0,81.0,4.0,1.0,False,False
达州,达州市,2,24.0,12,15.915561861524647,16.091262743743446,15.915561861524647,16.091262743743446,57.82400131225586,59.3602409362793,1.0,1.0,road_outside,Road outside historical hotspots,km,1.0,98.90809761162396,98.90809761162396,15.915561861524647,15.915561861524647,39291.0,西南,False,Dazhou,135.0,137.0,36.0,36.0,False,False
连云港,连云港市,1,13.0,12,24.368066628800275,24.368066628800275,37.58601004550367,37.58601004550367,82.96197509765625,82.96197509765625,1.5424288934388128,1.5424288934388128,road_outside,Road outside historical hotspots,km,1.0,100.0,100.0,24.368066628800275,37.58601004550367,71240.0,华东,False,Lianyungang,115.0,98.0,7.0,5.0,False,False
遂宁,遂宁市,2,82.0,26,24.991008209753986,32.36083474366629,24.991008209753986,32.36083474366629,58.51963424682617,69.85498809814453,1.0,1.0,road_outside,Road outside historical hotspots,km,1.0,77.2260926138355,77.2260926138355,24.991008209753986,24.991008209753986,49758.0,西南,False,Suining,112.0,120.0,97.0,97.0,False,False
遵义,遵义市,1,6.0,3,2.420515919928512,7.207712720179967,2.420515919928512,7.207712720179967,64.06087493896484,64.06087493896484,1.0,1.0,road_outside,Road outside historical hotspots,km,1.0,33.582302928800345,33.582302928800345,2.420515919928512,2.420515919928512,56279.0,西南,False,Zunyi,172.0,172.0,175.0,175.0,False,False
邢台,邢台市,3,222.0,77,55.4909108463448,73.26694721327839,73.93289138850491,95.86644046646933,72.54013315836589,109.89995574951172,1.3333333333333333,2.0,road_outside,Road outside historical hotspots,km,1.0,75.7379868507583,77.12072235994202,55.4909108463448,73.93289138850491,30948.0,华北,False,Xingtai,77.0,72.0,106.0,98.0,False,False
邯郸,邯郸市,3,172.0,85,148.11590694242605,169.60797707097004,175.8338680033158,202.6717102183755,74.4989522298177,100.8520050048828,1.4930280747983906,2.0,road_outside,Road outside historical hotspots,km,1.0,87.32838484386207,86.7579731842484,148.11590694242605,175.8338680033158,38646.0,华北,False,Handan,40.0,38.0,66.0,69.0,False,False
郑州,郑州市,9,9301.0,1029,1635.0338381594393,2524.4805113331113,2049.5768356198328,3114.405106777391,47.86978891160753,93.46932220458984,1.145055324414683,2.0,road_outside,Road outside historical hotspots,km,1.0,64.76714044015421,65.80957728201962,1635.0338381594393,2049.5768356198328,95111.0,华中,False,Zhengzhou,1.0,1.0,145.0,142.0,False,False
鄂尔多斯,鄂尔多斯市,2,36.0,28,77.23712104844172,81.87240463514767,77.23712104844172,81.87240463514767,52.853281021118164,55.17478942871094,1.0,1.0,road_outside,Road outside historical hotspots,km,1.0,94.3384054647443,94.3384054647443,77.23712104844172,77.23712104844172,163595.0,华北,False,Eerduosi,61.0,69.0,45.0,45.0,False,False
重庆,重庆,5,118.0,52,131.01265739035756,150.65884409341982,159.12384944109044,178.77003614415275,67.54211654663087,83.07715606689455,1.1095234125197255,1.5476170625986274,road_outside,Road outside historical hotspots,km,1.0,86.9598185083113,89.01035815240289,131.01265739035756,159.12384944109044,77914.0,西南,False,Chongqing,44.0,42.0,67.0,62.0,False,False
金华,金华市,4,126.0,66,162.54019212548002,181.8817447129348,173.33232774363177,194.8177424899164,70.97981643676758,90.60704040527344,1.221697599912464,1.8867903996498558,road_outside,Road outside historical hotspots,km,1.0,89.36586372756558,88.97153078991421,162.54019212548002,173.33232774363177,66628.0,华东,False,Jinhua,38.0,39.0,62.0,63.0,False,False
钦州,钦州市,2,29.0,19,37.33898344966038,43.03097637582725,58.22200613425474,65.64207431136863,76.76638984680176,89.63961791992188,1.42160708874979,1.8432141774995798,road_outside,Road outside historical hotspots,km,1.0,86.77233610398774,88.69617047456893,37.33898344966038,58.22200613425474,41932.0,华南,False,Qinzhou,93.0,80.0,68.0,64.0,False,False
铜仁,铜仁市,1,6.0,3,1.915123653398073,2.1654285028556317,1.915123653398073,2.1654285028556317,55.24677276611328,55.24677276611328,1.0,1.0,road_outside,Road outside historical hotspots,km,1.0,88.44086289953825,88.44086289953825,1.915123653398073,1.915123653398073,40236.0,西南,False,Tongren,174.0,174.0,64.0,66.0,False,False
铜陵,铜陵市,2,56.0,25,9.977898463670895,9.977898463670895,19.435598766562286,19.435598766562286,77.21253967285156,99.64713287353516,1.5,2.0,road_outside,Road outside historical hotspots,km,1.0,100.0,100.0,9.977898463670895,19.435598766562286,76618.0,华东,False,Tongling,152.0,130.0,20.0,12.0,False,False
银川,银川市,2,83.0,42,31.458104466144164,64.50772307436073,31.458104466144164,64.50772307436073,27.087204933166504,32.942771911621094,1.0,1.0,road_outside,Road outside historical hotspots,km,1.0,48.76641581331448,48.76641581331448,31.458104466144164,31.458104466144164,68684.0,西北,False,Yinchuan,104.0,108.0,165.0,169.0,False,False
镇江,镇江市,1,42.0,35,80.64614136503617,93.29175638383848,80.64614136503617,93.29175638383848,63.77387237548828,63.77387237548828,1.0,1.0,road_outside,Road outside historical hotspots,km,1.0,86.44508849552223,86.44508849552223,80.64614136503617,80.64614136503617,131466.0,华东,False,Zhenjiang,60.0,68.0,69.0,70.0,False,False
长春,长春市,5,194.0,118,184.39711632136812,297.86409855537056,184.39711632136812,297.86409855537056,35.83866577148437,38.58059310913086,1.0,1.0,road_outside,Road outside historical hotspots,km,1.0,61.90645909180967,61.90645909180967,184.39711632136812,184.39711632136812,73187.0,东北,False,Changchun,34.0,37.0,150.0,150.0,False,False
长沙,长沙市,6,257.0,145,312.95036730957554,461.8230859652837,312.95036730957554,461.8230859652837,48.285962422688804,69.28343963623047,1.0,1.0,road_outside,Road outside historical hotspots,km,1.0,67.7641237131876,67.7641237131876,312.95036730957554,312.95036730957554,120700.0,华中,False,Changsha,21.0,24.0,129.0,130.0,False,False
阜阳,阜阳市,2,17.0,10,17.756438187167266,26.61826261927803,19.6429063026893,29.36512270511418,63.04613685607911,77.5811004638672,1.1500273790446425,1.3000547580892847,road_outside,Road outside historical hotspots,km,1.0,66.70772785263351,66.89196057494534,17.756438187167266,19.6429063026893,34209.0,华东,False,Fuyang,129.0,128.0,134.0,134.0,False,False
阳江,阳江市,2,36.0,24,39.7404986528108,57.26265523948395,44.50970798075214,64.83695205095819,70.57320404052734,77.6100082397461,1.1506784346499455,1.3013568692998911,road_outside,Road outside historical hotspots,km,1.0,69.40037706356445,68.64867420937681,39.7404986528108,44.50970798075214,52124.0,华南,False,Yangjiang,89.0,92.0,121.0,124.0,False,False
随州,随州市,2,63.0,15,9.702760014356784,13.035676576869573,9.702760014356784,13.035676576869573,59.55177688598633,62.73806762695312,1.0,1.0,road_outside,Road outside historical hotspots,km,1.0,74.43234692991159,74.43234692991159,9.702760014356784,9.702760014356784,54563.0,华中,False,Suizhou,154.0,156.0,110.0,109.0,False,False
雅安,雅安市,2,85.0,19,12.307875689824922,20.09285537356164,12.307875689824922,20.09285537356164,49.51776123046875,51.48645782470704,1.0,1.0,road_outside,Road outside historical hotspots,km,1.0,61.254985720047216,61.254985720047216,12.307875689824922,12.307875689824922,52768.0,西南,False,Yaan,145.0,148.0,152.0,152.0,False,False
青岛,青岛市,5,333.0,186,403.17331250459046,591.4111544453658,424.666714318249,621.2138527380092,68.4628189086914,76.67479705810547,1.0767941479018948,1.2592315612512734,road_outside,Road outside historical hotspots,km,1.0,68.17140824519828,68.3607927361124,403.17331250459046,424.666714318249,122656.0,华东,False,Qingdao,17.0,19.0,126.0,126.0,False,False
马鞍山,马鞍山市,3,102.0,43,85.96774548254035,113.53543152982232,85.96774548254035,113.53543152982232,53.91607793172201,56.69150924682618,1.0,1.0,road_outside,Road outside historical hotspots,km,1.0,75.71886971685947,75.71886971685947,85.96774548254035,85.96774548254035,101245.0,华东,False,Maanshan,59.0,66.0,107.0,106.0,False,False
驻马店,驻马店市,2,34.0,11,21.735993545973336,21.735993545973336,32.92384173100937,32.92384173100937,71.9221420288086,86.05209350585938,1.3408095244984715,1.681619048996943,road_outside,Road outside historical hotspots,km,1.0,100.0,100.0,21.735993545973336,32.92384173100937,40788.0,华中,False,Zhumadian,120.0,107.0,10.0,6.0,False,False
鹤壁,鹤壁市,2,251.0,74,110.41597897132674,127.87858255338112,110.41597897132674,127.87858255338112,56.59130859374999,62.013042449951165,1.0,1.0,road_outside,Road outside historical hotspots,km,1.0,86.34438759534665,86.34438759534665,110.41597897132674,110.41597897132674,62482.0,华中,False,Hebi,50.0,55.0,70.0,71.0,False,False
黄冈,黄冈市,2,40.0,23,48.28508196678358,48.87815077113662,48.28508196678358,48.87815077113662,60.30141639709473,61.6356086730957,1.0,1.0,road_outside,Road outside historical hotspots,km,1.0,98.78663821156005,98.78663821156005,48.28508196678358,48.28508196678358,37470.0,华中,False,Huanggang,82.0,86.0,37.0,37.0,False,False
黄山,黄山市,2,127.0,20,30.712851179051103,32.31628191275166,35.882298191354465,37.48572892505503,68.75741195678711,81.36565399169922,1.2352623967155867,1.4705247934311736,road_outside,Road outside historical hotspots,km,1.0,95.03831926572016,95.72255687782865,30.712851179051103,35.882298191354465,63939.0,华东,False,Huangshan,108.0,103.0,42.0,42.0,False,False
黄石,黄石市,2,54.0,23,59.87453007508276,75.1333802892565,59.87453007508276,75.1333802892565,58.06417465209961,63.436302185058594,1.0,1.0,road_outside,Road outside historical hotspots,km,1.0,79.69098401345902,79.69098401345902,59.87453007508276,59.87453007508276,66450.0,华中,False,Huangshi,70.0,77.0,88.0,87.0,False,False
三亚,三亚市,3,44.0,26,13214.0,20335.0,18348.17521856584,27768.151282246192,75.77968088785808,90.66284942626952,1.3550662074923316,1.8893042406383986,function_outside,Function outside historical hotspots,10^3 POIs,1000.0,64.98155888861568,66.07632979260273,13.214,18.348175218565842,66866.0,华南,False,Sanya,80.0,79.0,121.0,118.0,False,False
三明,三明市,1,11.0,7,3062.0,5254.0,3062.0,5254.0,51.83521270751954,51.83521270751954,1.0,1.0,function_outside,Function outside historical hotspots,10^3 POIs,1000.0,58.279406166730105,58.279406166730105,3.062,3.062,108521.0,华东,False,Sanming,157.0,157.0,139.0,139.0,False,False
上海,上海,4,126.0,62,71596.0,79904.0,75346.75252706313,85966.05373652135,68.92889022827148,78.74647521972656,1.0881368673527385,1.3525474694109538,function_outside,Function outside historical hotspots,10^3 POIs,1000.0,89.60252302763317,87.64709935155861,71.596,75.34675252706313,155549.0,华东,False,Shanghai,21.0,23.0,58.0,61.0,False,False
上饶,上饶市,2,54.0,30,17308.0,19098.0,21289.528330438094,23491.011565524288,76.02314758300781,76.06207275390625,1.229878902282791,1.231632233345477,function_outside,Function outside historical hotspots,10^3 POIs,1000.0,90.62729081579222,90.62840172316325,17.308,21.289528330438095,40436.0,华东,False,Shangrao,68.0,72.0,52.0,52.0,False,False
东莞,东莞市,4,98.0,57,14932.0,24623.0,14950.415996575402,24641.4159965754,62.82234001159668,72.65945434570312,1.0195914857185135,1.0783659428740546,function_outside,Function outside historical hotspots,10^3 POIs,1000.0,60.64248873004914,60.67190294037149,14.932,14.950415996575403,92081.0,华南,False,Dongguan,74.0,84.0,135.0,133.0,False,False
中山,中山市,3,27.0,21,8454.0,9648.0,8454.0,9648.0,58.64549763997396,66.0999984741211,1.0,1.0,function_outside,Function outside historical hotspots,10^3 POIs,1000.0,87.62437810945273,87.62437810945273,8.454,8.454,71142.0,华南,False,Zhongshan,108.0,113.0,62.0,62.0,False,False
临沂,临沂市,3,189.0,76,24265.0,29201.0,26217.45417334891,31352.246200500314,60.42700449625651,74.95748138427734,1.0606258088293403,1.1818774264880212,function_outside,Function outside historical hotspots,10^3 POIs,1000.0,83.09646929899661,83.6222515148868,24.265,26.21745417334891,43565.0,华东,False,Linyi,50.0,57.0,69.0,69.0,False,False
丽水,丽水市,1,17.0,8,7567.0,9597.0,7567.0,9597.0,58.64066696166992,58.64066696166992,1.0,1.0,function_outside,Function outside historical hotspots,10^3 POIs,1000.0,78.8475565280817,78.8475565280817,7.567,7.567,61355.0,华东,False,Lishui,114.0,118.0,81.0,80.0,False,False
乌海,乌海市,2,187.0,41,9974.0,10551.0,9974.0,10551.0,21.711000442504883,25.23545455932617,1.0,1.0,function_outside,Function outside historical hotspots,10^3 POIs,1000.0,94.5313240451142,94.5313240451142,9.974,9.974,100561.0,华北,False,Wuhai,101.0,103.0,46.0,46.0,False,False
乐山,乐山市,2,69.0,18,5186.0,15312.0,5186.0,15312.0,55.22667121887208,57.51617813110352,1.0,1.0,function_outside,Function outside historical hotspots,10^3 POIs,1000.0,33.868861024033436,33.868861024033436,5.186,5.186,63399.0,西南,False,Leshan,144.0,148.0,172.0,172.0,False,False
九江,九江市,3,38.0,26,10808.0,13207.0,19431.90151145592,23741.348010080936,84.7841313680013,89.90491485595705,1.624505429421145,1.8551641149834652,function_outside,Function outside historical hotspots,10^3 POIs,1000.0,81.83539032331339,81.84834956803985,10.808,19.43190151145592,70445.0,华东,False,Jiujiang,96.0,76.0,73.0,74.0,False,False
伊春,伊春市,1,11.0,4,1244.0,1244.0,1244.0,1244.0,56.28245544433594,56.28245544433594,1.0,1.0,function_outside,Function outside historical hotspots,10^3 POIs,1000.0,100.0,100.0,1.244,1.244,33930.0,东北,False,Yichun,166.0,166.0,25.0,25.0,False,False
佛山,佛山市,3,328.0,130,59018.0,94185.0,59286.63994827708,95934.66556850934,57.5484364827474,75.78427124023438,1.0730396814238927,1.219119044271678,function_outside,Function outside historical hotspots,10^3 POIs,1000.0,62.66178266178266,61.798974955449246,59.018,59.28663994827708,113618.0,华南,False,Foshan,26.0,27.0,128.0,130.0,False,False
保定,保定市,3,55.0,31,10225.0,13138.0,10225.0,13138.0,67.2603530883789,68.80370330810547,1.0,1.0,function_outside,Function outside historical hotspots,10^3 POIs,1000.0,77.82767544527324,77.82767544527324,10.225,10.225,29033.0,华北,False,Baoding,98.0,101.0,86.0,86.0,False,False
信阳,信阳市,2,24.0,14,4959.0,5202.0,6373.368237411198,6673.131368587613,86.65858840942383,97.2115707397461,1.616796566206616,2.0,function_outside,Function outside historical hotspots,10^3 POIs,1000.0,95.32871972318338,95.50790903671567,4.959,6.3733682374111975,44962.0,华中,False,Xinyang,146.0,136.0,43.0,43.0,False,False
儋州,儋州市,1,8.0,5,1305.0,1305.0,2261.8915314040937,2261.8915314040937,87.1983413696289,87.1983413696289,1.733250215635321,1.733250215635321,function_outside,Function outside historical hotspots,10^3 POIs,1000.0,100.0,100.0,1.305,2.2618915314040935,40842.0,华南,False,Danzhou,165.0,162.0,24.0,22.0,False,False
六安,六安市,3,188.0,68,23436.0,26123.0,23436.0,26123.0,58.96197001139323,67.09221649169922,1.0,1.0,function_outside,Function outside historical hotspots,10^3 POIs,1000.0,89.7140450943613,89.7140450943613,23.436,23.436,38028.0,华东,False,Luan,52.0,60.0,57.0,57.0,False,False
兰州,兰州市,2,543.0,72,39414.0,45698.0,39414.0,45698.0,23.5462007522583,24.49703025817871,1.0,1.0,function_outside,Function outside historical hotspots,10^3 POIs,1000.0,86.24885115322334,86.24885115322334,39.414,39.414,66058.0,西北,False,Lanzhou,39.0,40.0,65.0,66.0,False,False
北京,北京,6,2572.0,805,297946.0,392601.0,316364.308468101,417390.027620961,62.35361289978027,74.80223083496094,1.0448108909420173,1.1748843779198914,function_outside,Function outside historical hotspots,10^3 POIs,1000.0,75.89028046286178,75.7958474166989,297.946,316.364308468101,164927.0,华北,False,Beijing,3.0,4.0,89.0,91.0,False,False
北海,北海市,3,45.0,28,10217.0,23934.0,16934.27843785625,36233.476028696205,80.8943099975586,100.46524047851562,1.5763172569736923,2.0,function_outside,Function outside historical hotspots,10^3 POIs,1000.0,42.688225954708784,46.73655495941,10.217,16.93427843785625,69022.0,华南,False,Beihai,99.0,82.0,165.0,162.0,False,False
南京,南京市,6,294.0,152,60835.0,143779.0,65077.8767192619,155661.68850525504,59.54927062988281,82.61363220214844,1.0877897107233996,1.5267382643403973,function_outside,Function outside historical hotspots,10^3 POIs,1000.0,42.3114641220206,41.807253502241764,60.835,65.0778767192619,158991.0,华东,False,Nanjing,25.0,26.0,166.0,167.0,False,False
南充,南充市,1,22.0,12,11295.0,12359.0,11295.0,12359.0,51.04774856567384,51.04774856567384,1.0,1.0,function_outside,Function outside historical hotspots,10^3 POIs,1000.0,91.39088923052027,91.39088923052027,11.295,11.295,42800.0,西南,False,Nanchong,93.0,99.0,50.0,50.0,False,False
南宁,南宁市,6,281.0,127,90123.0,131406.0,114143.35278192846,169914.29048893158,78.3320738474528,113.52899169921876,1.298562774275144,2.0,function_outside,Function outside historical hotspots,10^3 POIs,1000.0,68.58362631843295,67.17701757367129,90.123,114.14335278192847,54015.0,华南,False,Nanning,18.0,18.0,110.0,113.0,False,False
南平,南平市,1,22.0,9,6532.0,6532.0,6532.0,6532.0,69.65949249267578,69.65949249267578,1.0,1.0,function_outside,Function outside historical hotspots,10^3 POIs,1000.0,100.0,100.0,6.532,6.532,74902.0,华东,False,Nanping,128.0,134.0,8.0,11.0,False,False
南昌,南昌市,6,748.0,282,86544.0,301175.0,133526.12741118675,429466.2759837426,72.98107210795085,94.73480224609376,1.3825298171954765,2.0,function_outside,Function outside historical hotspots,10^3 POIs,1000.0,28.73545280982817,31.091178720687573,86.544,133.52612741118676,91781.0,华东,False,Nanchang,19.0,10.0,176.0,175.0,True,False
南通,南通市,1,14.0,10,5549.0,5549.0,7136.982338729195,7136.982338729195,77.27294921875,77.27294921875,1.2861745068893846,1.2861745068893846,function_outside,Function outside historical hotspots,10^3 POIs,1000.0,100.0,100.0,5.549,7.1369823387291955,129835.0,华东,False,Nantong,141.0,123.0,15.0,7.0,False,True
南阳,南阳市,3,172.0,52,21965.0,34729.0,21965.0,34729.0,49.92011260986328,70.75160217285156,1.0,1.0,function_outside,Function outside historical hotspots,10^3 POIs,1000.0,63.246854214057414,63.246854214057414,21.965,21.965,40389.0,华中,False,Nanyang,58.0,67.0,125.0,125.0,False,False
厦门,厦门市,7,368.0,112,46493.0,145955.0,47122.759403595264,152194.16275108297,48.129429408482146,88.93655395507812,1.1159350890271102,1.8115456231897722,function_outside,Function outside historical hotspots,10^3 POIs,1000.0,31.8543386660272,30.962264617642145,46.493,47.12275940359527,123243.0,华东,False,Xiamen,32.0,35.0,174.0,176.0,False,False
台州,台州市,1,217.0,108,60843.0,63381.0,121686.0,126762.0,113.9600067138672,113.9600067138672,2.0,2.0,function_outside,Function outside historical hotspots,10^3 POIs,1000.0,95.99564538268567,95.99564538268567,60.843,121.686,79377.0,华东,False,Taizhou,24.0,16.0,42.0,42.0,False,False
合肥,合肥市,3,240.0,79,31243.0,51027.0,31243.0,51027.0,66.79465993245442,68.9690933227539,1.0,1.0,function_outside,Function outside historical hotspots,10^3 POIs,1000.0,61.22836929468713,61.22836929468713,31.243,31.243,107211.0,华东,False,Hefei,43.0,48.0,134.0,132.0,False,False
吉安,吉安市,1,26.0,15,5759.0,5759.0,5759.0,5759.0,51.74658203125,51.74658203125,1.0,1.0,function_outside,Function outside historical hotspots,10^3 POIs,1000.0,100.0,100.0,5.759,5.759,48535.0,华东,False,Jian,137.0,142.0,12.0,15.0,False,False
吉林,吉林市,2,47.0,23,7279.0,9040.0,7279.0,9040.0,37.55934143066406,40.41184997558594,1.0,1.0,function_outside,Function outside historical hotspots,10^3 POIs,1000.0,80.51991150442478,80.51991150442478,7.279,7.279,20079.0,东北,False,Jilin,116.0,122.0,75.0,76.0,False,False
周口,周口市,1,19.0,16,12376.0,13125.0,23483.8608285393,24905.112586827592,90.84552001953124,90.84552001953124,1.8975323875678165,1.8975323875678165,function_outside,Function outside historical hotspots,10^3 POIs,1000.0,94.29333333333332,94.29333333333334,12.376,23.4838608285393,36221.0,华中,False,Zhoukou,86.0,59.0,47.0,47.0,False,False
呼伦贝尔,呼伦贝尔市,1,1.0,1,26.0,26.0,26.0,26.0,53.30622100830078,53.30622100830078,1.0,1.0,function_outside,Function outside historical hotspots,10^3 POIs,1000.0,100.0,100.0,0.026,0.026,52330.0,华北,False,Hulunbeier,177.0,177.0,32.0,32.0,False,False
呼和浩特,呼和浩特市,3,104.0,72,36577.0,38073.0,36577.0,38073.0,45.678393046061196,49.11623764038086,1.0,1.0,function_outside,Function outside historical hotspots,10^3 POIs,1000.0,96.07070627478791,96.07070627478791,36.577,36.577,81179.0,华北,False,Huhehaote,40.0,43.0,41.0,41.0,False,False
咸宁,咸宁市,2,83.0,33,11396.0,14723.0,11536.483552177253,14910.788047000544,51.923038482666016,71.56754302978516,1.014591145843088,1.0291822916861764,function_outside,Function outside historical hotspots,10^3 POIs,1000.0,77.40270325341302,77.37004587425501,11.396,11.536483552177254,56890.0,华中,False,Xianning,91.0,98.0,87.0,87.0,False,False
咸阳,咸阳市,2,31.0,19,5465.0,8784.0,5465.0,8784.0,40.37395095825195,47.83387756347656,1.0,1.0,function_outside,Function outside historical hotspots,10^3 POIs,1000.0,62.21539162112932,62.21539162112932,5.465,5.465,55677.0,西北,False,Xianyang,143.0,147.0,132.0,129.0,False,False
哈尔滨,哈尔滨市,2,53.0,43,26783.0,33923.0,29916.0,37661.0,82.74348831176758,98.58970642089844,1.5,2.0,function_outside,Function outside historical hotspots,10^3 POIs,1000.0,78.95233322524541,79.43495924165582,26.783,29.916,51786.0,东北,False,Haerbin,48.0,52.0,80.0,79.0,False,False
唐山,唐山市,2,27.0,27,13626.0,15229.0,26907.180361887942,30113.180361887942,92.31704330444336,93.4897689819336,1.9554956584780514,2.0,function_outside,Function outside historical hotspots,10^3 POIs,1000.0,89.47402981154376,89.35349916059481,13.626,26.907180361887942,93405.0,华北,False,Tangshan,78.0,55.0,60.0,59.0,False,False
商丘,商丘市,4,330.0,101,31159.0,59535.0,31622.73892384993,60745.54691162349,62.73172378540039,73.09719848632812,1.0245208821832663,1.098083528733065,function_outside,Function outside historical hotspots,10^3 POIs,1000.0,52.33728059124885,52.05770715976386,31.159,31.62273892384993,37408.0,华中,False,Shangqiu,44.0,47.0,155.0,155.0,False,False
嘉兴,嘉兴市,2,16.0,11,5583.0,5583.0,5583.0,5583.0,57.63397789001465,59.53095626831056,1.0,1.0,function_outside,Function outside historical hotspots,10^3 POIs,1000.0,100.0,100.0,5.583,5.583,101839.0,华东,False,Jiaxing,140.0,145.0,14.0,17.0,False,False
大庆,大庆市,1,12.0,10,3232.0,3232.0,3232.0,3232.0,51.94760894775391,51.94760894775391,1.0,1.0,function_outside,Function outside historical hotspots,10^3 POIs,1000.0,100.0,100.0,3.232,3.232,82773.0,东北,False,Daqing,155.0,156.0,20.0,20.0,False,False
大连,大连市,3,597.0,235,117180.0,197877.0,171011.41722596908,271543.6828897329,69.01069895426433,86.8176040649414,1.2387001415666488,1.7161004246999463,function_outside,Function outside historical hotspots,10^3 POIs,1000.0,59.21860549735442,62.97749791344347,117.18,171.01141722596907,94368.0,东北,False,Dalian,12.0,8.0,137.0,126.0,True,False
天津,天津,5,1087.0,411,175386.0,332715.0,300630.49612193205,560818.8068621983,78.76815490722656,93.4897689819336,1.4628955661102894,2.0,function_outside,Function outside historical hotspots,10^3 POIs,1000.0,52.71358369775935,53.60563740791267,175.386,300.630496121932,101541.0,华北,False,Tianjin,7.0,5.0,154.0,151.0,False,False
太原,太原市,4,631.0,237,120289.0,173263.0,120289.0,173263.0,32.626954078674316,44.09000015258789,1.0,1.0,function_outside,Function outside historical hotspots,10^3 POIs,1000.0,69.42567080103657,69.42567080103657,120.289,120.289,78069.0,华北,False,Taiyuan,11.0,17.0,109.0,109.0,False,False
威海,威海市,1,32.0,20,9006.0,10863.0,9006.0,10863.0,61.84230041503906,61.84230041503906,1.0,1.0,function_outside,Function outside historical hotspots,10^3 POIs,1000.0,82.90527478597073,82.90527478597073,9.006,9.006,103704.0,华东,False,Weihai,103.0,107.0,70.0,71.0,False,False
孝感,孝感市,2,99.0,34,11849.0,21678.0,12688.727790197683,24074.896015594677,68.45417594909668,78.00809478759766,1.1596440665775063,1.3192881331550126,function_outside,Function outside historical hotspots,10^3 POIs,1000.0,54.659101393117446,52.70522365695152,11.849,12.688727790197683,52984.0,华中,False,Xiaogan,89.0,93.0,150.0,154.0,False,False
宁德,宁德市,2,30.0,13,6517.0,13008.0,6517.0,13008.0,47.431650161743164,55.36602783203125,1.0,1.0,function_outside,Function outside historical hotspots,10^3 POIs,1000.0,50.09993849938499,50.09993849938499,6.517,6.517,83142.0,华东,False,Ningde,129.0,135.0,158.0,158.0,False,False
宁波,宁波市,5,872.0,358,98856.0,201078.0,127468.4093739704,258707.01097264953,67.78364334106445,84.60758972167967,1.2090412224215918,1.616553352520543,function_outside,Function outside historical hotspots,10^3 POIs,1000.0,49.163011368722586,49.27133937914282,98.856,127.4684093739704,131726.0,华东,False,Ningbo,15.0,13.0,159.0,159.0,False,False
安庆,安庆市,2,104.0,42,16705.0,23334.0,18777.003226187575,27035.867014237687,75.10396575927734,78.83638000488281,1.188475614728627,1.3565971074436256,function_outside,Function outside historical hotspots,10^3 POIs,1000.0,71.59081169109453,69.45219554564012,16.705,18.777003226187574,59176.0,华东,False,Anqing,71.0,78.0,101.0,108.0,False,False
安阳,安阳市,2,343.0,158,54156.0,71405.0,54156.0,71405.0,48.63548278808594,64.88201904296875,1.0,1.0,function_outside,Function outside historical hotspots,10^3 POIs,1000.0,75.84342833134934,75.84342833134934,54.156,54.156,41979.0,华中,False,Anyang,29.0,30.0,90.0,90.0,False,False
安顺,安顺市,1,1.0,1,91.0,91.0,91.0,91.0,70.3630142211914,70.3630142211914,1.0,1.0,function_outside,Function outside historical hotspots,10^3 POIs,1000.0,100.0,100.0,0.091,0.091,39139.0,西南,False,Anshun,175.0,176.0,30.0,31.0,False,False
宜宾,宜宾市,2,82.0,15,8843.0,9741.0,8843.0,9741.0,51.94028854370117,56.21794891357422,1.0,1.0,function_outside,Function outside historical hotspots,10^3 POIs,1000.0,90.78123395955241,90.78123395955241,8.843,8.843,61048.0,西南,False,Yibin,106.0,110.0,51.0,51.0,False,False
宜昌,宜昌市,2,240.0,51,22275.0,32881.0,30633.043627048817,45604.1339696484,62.96310234069824,80.45974731445312,1.2148597333431572,1.4297194666863144,function_outside,Function outside historical hotspots,10^3 POIs,1000.0,67.74429001551047,67.17163765775376,22.275,30.633043627048817,106802.0,华中,False,Yichang,57.0,50.0,112.0,114.0,False,False
宜春,宜春市,1,46.0,4,321.0,598.0,451.603000605143,841.304032279986,79.95231628417967,79.95231628417967,1.4068629302340903,1.4068629302340903,function_outside,Function outside historical hotspots,10^3 POIs,1000.0,53.67892976588629,53.67892976588629,0.321,0.45160300060514297,55686.0,华东,False,Yichun,173.0,172.0,151.0,150.0,False,False
宝鸡,宝鸡市,3,40.0,26,6930.0,17600.0,6930.0,17600.0,44.44083023071289,54.84000015258789,1.0,1.0,function_outside,Function outside historical hotspots,10^3 POIs,1000.0,39.375,39.375,6.93,6.93,68582.0,西北,False,Baoji,121.0,129.0,170.0,170.0,False,False
宣城,宣城市,2,18.0,8,4790.0,6863.0,4790.0,6863.0,60.74458312988281,61.32528305053711,1.0,1.0,function_outside,Function outside historical hotspots,10^3 POIs,1000.0,69.79455048812473,69.79455048812473,4.79,4.79,64300.0,华东,False,Xuancheng,147.0,151.0,107.0,107.0,False,False
岳阳,岳阳市,2,79.0,31,15080.0,21638.0,28748.0,38076.0,81.15538597106934,103.49646759033205,1.5,2.0,function_outside,Function outside historical hotspots,10^3 POIs,1000.0,69.69220815232462,75.50162832230276,15.08,28.748,79238.0,华中,False,Yueyang,73.0,53.0,108.0,94.0,False,False
崇左,崇左市,1,10.0,4,4642.0,4642.0,5066.05599377186,5066.05599377186,72.94775390625,72.94775390625,1.0913520021050969,1.0913520021050969,function_outside,Function outside historical hotspots,10^3 POIs,1000.0,100.0,100.0,4.642,5.06605599377186,38708.0,华南,False,Chongzuo,149.0,150.0,16.0,18.0,False,False
巴中,巴中市,1,10.0,4,942.0,942.0,942.0,942.0,64.32393646240234,64.32393646240234,1.0,1.0,function_outside,Function outside historical hotspots,10^3 POIs,1000.0,100.0,100.0,0.942,0.942,28302.0,西南,False,Bazhong,168.0,168.0,26.0,26.0,False,False
常州,常州市,2,33.0,25,9663.0,10210.0,9663.0,10210.0,58.64192008972168,65.37018585205078,1.0,1.0,function_outside,Function outside historical hotspots,10^3 POIs,1000.0,94.64250734573947,94.64250734573947,9.663,9.663,147828.0,华东,False,Changzhou,102.0,106.0,44.0,44.0,False,False
平顶山,平顶山市,2,18.0,11,5984.0,5984.0,5984.0,5984.0,50.464420318603516,53.93280029296874,1.0,1.0,function_outside,Function outside historical hotspots,10^3 POIs,1000.0,100.0,100.0,5.984,5.984,49215.0,华中,False,Pingdingshan,133.0,140.0,10.0,14.0,False,False
广元,广元市,2,12.0,5,473.0,1094.0,473.0,1094.0,53.69725036621094,54.42211532592773,1.0,1.0,function_outside,Function outside historical hotspots,10^3 POIs,1000.0,43.235831809872025,43.235831809872025,0.473,0.473,43636.0,西南,False,Guangyuan,171.0,171.0,163.0,165.0,False,False
广安,广安市,2,18.0,6,3307.0,3307.0,6042.0,6042.0,79.96369934082031,93.12347412109376,1.5,2.0,function_outside,Function outside historical hotspots,10^3 POIs,1000.0,100.0,100.0,3.307,6.042,40048.0,西南,False,Guangan,153.0,139.0,19.0,13.0,False,False
广州,广州市,6,917.0,362,295475.0,398675.0,344298.55495639576,460822.48752753413,65.2979081471761,90.1312484741211,1.1442265005210792,1.8653590031264755,function_outside,Function outside historical hotspots,10^3 POIs,1000.0,74.11425346460149,74.7139222314588,295.475,344.2985549563958,133506.0,华南,False,Guangzhou,4.0,3.0,94.0,96.0,False,False
庆阳,庆阳市,1,3.0,3,386.0,2098.0,386.0,2098.0,50.959999084472656,50.959999084472656,1.0,1.0,function_outside,Function outside historical hotspots,10^3 POIs,1000.0,18.398474737845564,18.398474737845564,0.386,0.386,34620.0,西北,False,Qingyang,172.0,173.0,177.0,177.0,False,False
廊坊,廊坊市,2,160.0,48,17453.0,27404.0,17453.0,27404.0,68.9351921081543,70.259033203125,1.0,1.0,function_outside,Function outside historical hotspots,10^3 POIs,1000.0,63.68778280542986,63.68778280542986,17.453,17.453,60129.0,华北,False,Langfang,67.0,80.0,124.0,124.0,False,False
延安,延安市,1,4.0,4,2251.0,2251.0,2251.0,2251.0,55.77000045776368,55.77000045776368,1.0,1.0,function_outside,Function outside historical hotspots,10^3 POIs,1000.0,100.0,100.0,2.251,2.251,70240.0,西北,False,Yanan,162.0,163.0,22.0,23.0,False,False
开封,开封市,2,181.0,34,11272.0,20029.0,15968.433713621522,28154.604022808846,82.93410110473633,86.25491333007812,1.5411733475670917,1.6907547904650815,function_outside,Function outside historical hotspots,10^3 POIs,1000.0,56.27839632532827,56.716953648806566,11.272,15.968433713621522,49106.0,华中,False,Kaifeng,94.0,83.0,147.0,147.0,False,False
张家界,张家界市,1,8.0,5,909.0,909.0,909.0,909.0,63.89422225952149,63.89422225952149,1.0,1.0,function_outside,Function outside historical hotspots,10^3 POIs,1000.0,100.0,100.0,0.909,0.909,36623.0,华中,False,Zhangjiajie,170.0,170.0,28.0,28.0,False,False
徐州,徐州市,2,36.0,27,22870.0,25542.0,22870.0,25542.0,49.87173271179199,54.0761833190918,1.0,1.0,function_outside,Function outside historical hotspots,10^3 POIs,1000.0,89.53879884112442,89.53879884112442,22.87,22.87,80614.0,华东,False,Xuzhou,54.0,62.0,59.0,58.0,False,False
德州,德州市,2,28.0,17,8891.0,11115.0,8891.0,11115.0,54.99170112609863,62.88340377807618,1.0,1.0,function_outside,Function outside historical hotspots,10^3 POIs,1000.0,79.99100314889789,79.99100314889789,8.891,8.891,54883.0,华东,False,Dezhou,104.0,108.0,76.0,77.0,False,False
德阳,德阳市,3,303.0,94,32248.0,45362.0,32248.0,45362.0,58.2171262105306,61.682899475097656,1.0,1.0,function_outside,Function outside historical hotspots,10^3 POIs,1000.0,71.09033993210176,71.09033993210176,32.248,32.248,69483.0,西南,False,Deyang,42.0,46.0,103.0,103.0,False,False
怀化,怀化市,2,27.0,22,6308.0,6793.0,6308.0,6793.0,52.20021057128906,62.18960571289063,1.0,1.0,function_outside,Function outside historical hotspots,10^3 POIs,1000.0,92.8602973649345,92.8602973649345,6.308,6.308,36503.0,华中,False,Huaihua,131.0,138.0,49.0,49.0,False,False
恩施土家族苗族,恩施土家族苗族自治州,1,214.0,14,12712.0,12712.0,12712.0,12712.0,51.69566345214844,51.69566345214844,1.0,1.0,function_outside,Function outside historical hotspots,10^3 POIs,1000.0,100.0,100.0,12.712,12.712,63609.0,,True,Enshitujiazu,84.0,92.0,3.0,3.0,False,False
惠州,惠州市,3,210.0,91,45952.0,68248.0,65296.52653916745,96713.70306238756,81.8773676554362,102.26459503173828,1.3947102588344384,2.0,function_outside,Function outside historical hotspots,10^3 POIs,1000.0,67.33091079592076,67.51527908826561,45.952,65.29652653916744,69666.0,华南,False,Huizhou,33.0,25.0,116.0,112.0,False,False
成都,成都市,5,2813.0,665,350528.0,477904.0,350528.0,477904.0,61.929589080810544,67.71067810058594,1.0,1.0,function_outside,Function outside historical hotspots,10^3 POIs,1000.0,73.34694834108943,73.34694834108943,350.528,350.528,84566.0,西南,False,Chengdu,1.0,2.0,95.0,97.0,False,False
扬州,扬州市,2,35.0,17,6590.0,11571.0,6590.0,11571.0,53.600589752197266,56.54750061035156,1.0,1.0,function_outside,Function outside historical hotspots,10^3 POIs,1000.0,56.952726644196694,56.952726644196694,6.59,6.59,132638.0,华东,False,Yangzhou,125.0,132.0,146.0,146.0,False,False
抚州,抚州市,1,15.0,8,2071.0,5171.0,2071.0,5171.0,53.88334274291992,53.88334274291992,1.0,1.0,function_outside,Function outside historical hotspots,10^3 POIs,1000.0,40.050280409978726,40.050280409978726,2.071,2.071,43439.0,华东,False,Fuzhou,163.0,164.0,169.0,169.0,False,False
揭阳,揭阳市,1,16.0,16,8333.0,8442.0,9973.074597415152,10103.527631270697,75.28914642333984,75.28914642333984,1.1968168243627928,1.1968168243627928,function_outside,Function outside historical hotspots,10^3 POIs,1000.0,98.70883676853826,98.70883676853825,8.333,9.973074597415152,37672.0,华南,False,Jieyang,109.0,104.0,35.0,35.0,False,False
新乡,新乡市,3,2519.0,304,78474.0,116356.0,93924.50499366007,140745.2104962432,76.96704228719075,97.36841583251952,1.3792900867227604,2.0,function_outside,Function outside historical hotspots,10^3 POIs,1000.0,67.44301969816769,66.73371311357491,78.474,93.92450499366007,48154.0,华中,False,Xinxiang,20.0,20.0,115.0,117.0,False,False
无锡,无锡市,3,116.0,55,20138.0,28185.0,22793.531569633044,31789.648698110457,61.2757199605306,74.61311340332033,1.0554552806589201,1.16636584197676,function_outside,Function outside historical hotspots,10^3 POIs,1000.0,71.44935249246053,71.70111184961873,20.138,22.793531569633043,165824.0,华东,False,Wuxi,63.0,63.0,102.0,102.0,False,False
昆明,昆明市,7,2929.0,441,246596.0,447478.0,246596.0,447478.0,35.88743509565081,53.49245834350586,1.0,1.0,function_outside,Function outside historical hotspots,10^3 POIs,1000.0,55.107960614823526,55.107960614823526,246.596,246.596,79595.0,西南,False,Kunming,5.0,6.0,149.0,149.0,False,False
晋城,晋城市,1,24.0,13,5861.0,6238.0,6939.876271238047,7386.2733629044415,75.00631713867188,75.00631713867188,1.1840771662238605,1.1840771662238605,function_outside,Function outside historical hotspots,10^3 POIs,1000.0,93.95639628085924,93.95639628085925,5.861,6.939876271238047,65100.0,华北,False,Jincheng,134.0,128.0,48.0,48.0,False,False
景德镇,景德镇市,3,340.0,79,20379.0,38083.0,20410.288330963198,38287.52195688036,65.74795405069987,71.86345672607422,1.014170439747825,1.0425113192434752,function_outside,Function outside historical hotspots,10^3 POIs,1000.0,53.51206575112255,53.307937645976125,20.379,20.410288330963198,59082.0,华东,False,Jingdezhen,62.0,74.0,152.0,152.0,False,False
杭州,杭州市,7,385.0,173,92885.0,148969.0,111547.80282226848,190485.4740285345,73.53802163260323,154.96066284179688,1.1903756965672714,2.0,function_outside,Function outside historical hotspots,10^3 POIs,1000.0,62.35189871718278,58.559742358915386,92.885,111.54780282226848,134551.0,华东,False,Hangzhou,16.0,19.0,131.0,138.0,False,False
枣庄,枣庄市,2,32.0,17,7692.0,10718.0,7692.0,10718.0,47.881330490112305,49.867305755615234,1.0,1.0,function_outside,Function outside historical hotspots,10^3 POIs,1000.0,71.76712073147975,71.76712073147975,7.692,7.692,44902.0,华东,False,Zaozhuang,113.0,117.0,99.0,100.0,False,False
柳州,柳州市,3,163.0,43,29364.0,40920.0,38578.40665293948,53770.42962521915,82.2008794148763,91.804931640625,1.5081463797980614,1.940747771298685,function_outside,Function outside historical hotspots,10^3 POIs,1000.0,71.75953079178886,71.74650997180358,29.364,38.57840665293948,76367.0,华南,False,Liuzhou,46.0,42.0,100.0,101.0,False,False
株洲,株洲市,3,163.0,58,19808.0,30951.0,30718.876563036058,47766.238974693784,70.77059809366862,85.81729888916016,1.4146455562674192,1.6710430467519093,function_outside,Function outside historical hotspots,10^3 POIs,1000.0,63.9979322154373,64.31085474263675,19.808,30.71887656303606,79635.0,华中,False,Zhuzhou,64.0,49.0,123.0,122.0,False,False
桂林,桂林市,3,287.0,83,45480.0,78700.0,45498.12300858002,78735.44940139828,68.37057240804036,71.01178741455078,1.001383013475276,1.0041490404258278,function_outside,Function outside historical hotspots,10^3 POIs,1000.0,57.789072426937736,57.786071400479,45.48,45.498123008580016,43213.0,华南,False,Guilin,34.0,36.0,143.0,144.0,False,False
梅州,梅州市,2,38.0,6,5697.0,5697.0,5697.0,5697.0,64.90172004699707,68.54344177246094,1.0,1.0,function_outside,Function outside historical hotspots,10^3 POIs,1000.0,100.0,100.0,5.697,5.697,31213.0,华南,False,Meizhou,139.0,144.0,13.0,16.0,False,False
梧州,梧州市,1,9.0,4,939.0,939.0,939.0,939.0,62.07012939453125,62.07012939453125,1.0,1.0,function_outside,Function outside historical hotspots,10^3 POIs,1000.0,100.0,100.0,0.939,0.939,38345.0,华南,False,Wuzhou,169.0,169.0,27.0,27.0,False,False
榆林,榆林市,2,38.0,27,10125.0,10489.0,10125.0,10489.0,48.19119644165039,53.579872131347656,1.0,1.0,function_outside,Function outside historical hotspots,10^3 POIs,1000.0,96.52969777862522,96.52969777862522,10.125,10.125,112662.0,西北,False,Yulin,100.0,102.0,39.0,39.0,False,False
武汉,武汉市,5,688.0,280,125574.0,216921.0,150977.74924219633,257378.044420017,63.97886276245117,80.79363250732422,1.1063203529673307,1.4447588683516077,function_outside,Function outside historical hotspots,10^3 POIs,1000.0,57.88927766329678,58.65991778063816,125.574,150.97774924219632,126650.0,华中,False,Wuhan,9.0,9.0,141.0,137.0,False,False
永州,永州市,1,16.0,11,6576.0,6576.0,6576.0,6576.0,51.28487777709961,51.28487777709961,1.0,1.0,function_outside,Function outside historical hotspots,10^3 POIs,1000.0,100.0,100.0,6.576,6.576,39722.0,华中,False,Yongzhou,126.0,133.0,7.0,10.0,False,False
汕头,汕头市,3,752.0,130,57595.0,76550.0,57595.0,76550.0,43.58767954508463,55.36534881591797,1.0,1.0,function_outside,Function outside historical hotspots,10^3 POIs,1000.0,75.2384062704115,75.2384062704115,57.595,57.595,49646.0,华南,False,Shantou,27.0,28.0,93.0,95.0,False,False
江门,江门市,2,44.0,29,14639.0,18393.0,19432.013425388595,23186.013425388595,73.62593460083008,84.11186981201172,1.2971121637359655,1.594224327471931,function_outside,Function outside historical hotspots,10^3 POIs,1000.0,79.59006143641602,83.809204578958,14.639,19.432013425388597,66686.0,华南,False,Jiangmen,75.0,75.0,78.0,68.0,False,False
池州,池州市,3,46.0,25,2708.0,2997.0,2708.0,2997.0,62.51092274983724,66.32328033447266,1.0,1.0,function_outside,Function outside historical hotspots,10^3 POIs,1000.0,90.35702369035702,90.35702369035702,2.708,2.708,65029.0,华东,False,Chizhou,159.0,159.0,55.0,53.0,False,False
沧州,沧州市,2,105.0,9,3229.0,3283.0,4047.387503914667,4130.751327893975,90.9412841796875,105.33614349365234,1.6267246057470839,2.0,function_outside,Function outside historical hotspots,10^3 POIs,1000.0,98.35516296070666,97.9818726095572,3.229,4.047387503914667,50684.0,华北,False,Cangzhou,156.0,152.0,36.0,37.0,False,False
河源,河源市,1,18.0,13,7920.0,9087.0,7920.0,9087.0,54.46828079223633,54.46828079223633,1.0,1.0,function_outside,Function outside historical hotspots,10^3 POIs,1000.0,87.15747771541763,87.15747771541763,7.92,7.92,38828.0,华南,False,Heyuan,111.0,115.0,64.0,65.0,False,False
泉州,泉州市,4,123.0,66,30861.0,45163.0,33247.056963516516,49069.17388727827,59.18129348754883,74.47318267822266,1.0400157134821983,1.1600628539287932,function_outside,Function outside historical hotspots,10^3 POIs,1000.0,68.3324845559418,67.75548542938927,30.861,33.24705696351651,115570.0,华东,False,Quanzhou,45.0,45.0,111.0,110.0,False,False
泰安,泰安市,2,30.0,22,8224.0,8470.0,8224.0,8470.0,35.683834075927734,37.50313186645508,1.0,1.0,function_outside,Function outside historical hotspots,10^3 POIs,1000.0,97.09563164108619,97.09563164108619,8.224,8.224,50482.0,华东,False,Taian,110.0,114.0,38.0,38.0,False,False
泸州,泸州市,1,9.0,3,1211.0,1733.0,1211.0,1733.0,61.2435302734375,61.2435302734375,1.0,1.0,function_outside,Function outside historical hotspots,10^3 POIs,1000.0,69.87882285054819,69.87882285054819,1.211,1.211,50638.0,西南,False,Luzhou,167.0,167.0,105.0,105.0,False,False
洛阳,洛阳市,3,395.0,92,42194.0,55809.0,42194.0,55809.0,52.43880844116211,67.44999694824219,1.0,1.0,function_outside,Function outside historical hotspots,10^3 POIs,1000.0,75.6042932143561,75.6042932143561,42.194,42.194,72639.0,华中,False,Luoyang,37.0,39.0,91.0,92.0,False,False
济南,济南市,7,261.0,115,61353.0,99191.0,87087.43768756939,132182.6218876956,67.81537846156529,102.05913543701172,1.2675890307064608,2.0,function_outside,Function outside historical hotspots,10^3 POIs,1000.0,61.85339395711304,65.8841808733074,61.353,87.08743768756939,109750.0,华东,False,Jinan,23.0,22.0,133.0,120.0,False,False
济宁,济宁市,3,134.0,57,22628.0,39101.0,22628.0,39101.0,58.098734537760414,67.75483703613281,1.0,1.0,function_outside,Function outside historical hotspots,10^3 POIs,1000.0,57.87064269456024,57.87064269456024,22.628,22.628,53759.0,华东,False,Jining,55.0,65.0,142.0,143.0,False,False
海口,海口市,7,1019.0,219,102874.0,254832.0,128856.60026110268,312439.72829708975,72.8697395324707,109.76377868652344,1.2622999740702003,2.0,function_outside,Function outside historical hotspots,10^3 POIs,1000.0,40.369341370000626,41.242066418191456,102.874,128.85660026110267,61992.0,华南,False,Haikou,14.0,12.0,168.0,168.0,False,False
淮北,淮北市,2,50.0,27,5743.0,18139.0,5743.0,18139.0,57.45667266845703,61.999996185302734,1.0,1.0,function_outside,Function outside historical hotspots,10^3 POIs,1000.0,31.661061800540274,31.661061800540274,5.743,5.743,56807.0,华东,False,Huaibei,138.0,143.0,175.0,174.0,False,False
淮南,淮南市,1,11.0,9,3826.0,3826.0,3826.0,3826.0,65.128662109375,65.128662109375,1.0,1.0,function_outside,Function outside historical hotspots,10^3 POIs,1000.0,100.0,100.0,3.826,3.826,44132.0,华东,False,Huainan,151.0,153.0,18.0,19.0,False,False
深圳,深圳市,7,411.0,170,111800.0,165408.0,126165.76750503635,187887.5753306388,61.060455322265625,92.63880920410156,1.1438570236626397,1.9783086451696086,function_outside,Function outside historical hotspots,10^3 POIs,1000.0,67.59044302573032,67.14960650432243,111.8,126.16576750503634,156949.0,华南,False,Shenzhen,13.0,14.0,114.0,115.0,False,False
清远,清远市,3,39.0,25,11218.0,22240.0,11605.611789374696,22950.790215347337,65.15728123982747,72.8165054321289,1.0293212144776485,1.0854400941726416,function_outside,Function outside historical hotspots,10^3 POIs,1000.0,50.44064748201439,50.56737341276359,11.218,11.605611789374695,44764.0,华南,False,Qingyuan,95.0,97.0,157.0,157.0,False,False
温州,温州市,4,113.0,63,41113.0,48532.0,49000.0,58747.0,76.23961544036865,120.0,1.25,2.0,function_outside,Function outside historical hotspots,10^3 POIs,1000.0,84.71317893348719,83.40851447733502,41.113,49.0,71646.0,华东,False,Wenzhou,38.0,34.0,67.0,70.0,False,False
渭南,渭南市,2,42.0,19,6949.0,16078.0,6949.0,16078.0,25.027162551879883,30.15432548522949,1.0,1.0,function_outside,Function outside historical hotspots,10^3 POIs,1000.0,43.220549819629305,43.220549819629305,6.949,6.949,39792.0,西北,False,Weinan,118.0,125.0,164.0,166.0,False,False
湖州,湖州市,2,11.0,10,1784.0,1784.0,1784.0,1784.0,45.07565975189209,59.614501953125,1.0,1.0,function_outside,Function outside historical hotspots,10^3 POIs,1000.0,100.0,100.0,1.784,1.784,94997.0,华东,False,Huzhou,164.0,165.0,23.0,24.0,False,False
湛江,湛江市,1,9.0,6,6943.0,6943.0,6943.0,6943.0,61.492408752441406,61.492408752441406,1.0,1.0,function_outside,Function outside historical hotspots,10^3 POIs,1000.0,100.0,100.0,6.943,6.943,44415.0,华南,False,Zhanjiang,119.0,126.0,5.0,8.0,False,False
滁州,滁州市,1,3.0,3,184.0,184.0,184.0,184.0,57.46814727783203,57.46814727783203,1.0,1.0,function_outside,Function outside historical hotspots,10^3 POIs,1000.0,100.0,100.0,0.184,0.184,75992.0,华东,False,Chuzhou,174.0,174.0,29.0,29.0,False,False
滨州,滨州市,2,33.0,22,5140.0,8231.0,5140.0,8231.0,53.516042709350586,55.31999969482422,1.0,1.0,function_outside,Function outside historical hotspots,10^3 POIs,1000.0,62.44684728465557,62.44684728465557,5.14,5.14,63819.0,华东,False,Binzhou,145.0,149.0,130.0,128.0,False,False
漯河,漯河市,1,58.0,23,13830.0,13830.0,21299.781774718125,21299.781774718125,82.91059112548828,82.91059112548828,1.540114372720038,1.540114372720038,function_outside,Function outside historical hotspots,10^3 POIs,1000.0,100.0,100.0,13.83,21.299781774718124,66408.0,华中,False,Tahe,77.0,71.0,1.0,2.0,False,False
漳州,漳州市,2,25.0,13,12593.0,12593.0,12593.0,12593.0,52.001020431518555,53.09890365600586,1.0,1.0,function_outside,Function outside historical hotspots,10^3 POIs,1000.0,100.0,100.0,12.593,12.593,90012.0,华东,False,Zhangzhou,85.0,94.0,4.0,4.0,False,False
潍坊,潍坊市,2,130.0,51,16973.0,23478.0,30496.7140501408,42240.759729518264,89.23894119262695,90.40814208984376,1.8251662425555168,1.8778312971794089,function_outside,Function outside historical hotspots,10^3 POIs,1000.0,72.29321066530369,72.19736161333621,16.973,30.4967140501408,62536.0,华东,False,Weifang,70.0,51.0,98.0,99.0,False,False
濮阳,濮阳市,2,67.0,31,11872.0,15156.0,11872.0,15156.0,31.965561866760254,32.65576934814453,1.0,1.0,function_outside,Function outside historical hotspots,10^3 POIs,1000.0,78.3320137239377,78.3320137239377,11.872,11.872,43766.0,华中,False,Puyang,88.0,95.0,84.0,83.0,False,False
焦作,焦作市,2,13.0,10,2595.0,3937.0,2595.0,3937.0,43.73809623718262,43.88701248168945,1.0,1.0,function_outside,Function outside historical hotspots,10^3 POIs,1000.0,65.91313182626365,65.91313182626365,2.595,2.595,60329.0,华中,False,Jiaozuo,160.0,160.0,118.0,119.0,False,False
玉林,玉林市,2,48.0,20,15239.0,16859.0,22646.182572676207,25169.97377307806,69.17031669616699,83.30535125732422,1.2789479013585978,1.5578958027171956,function_outside,Function outside historical hotspots,10^3 POIs,1000.0,90.3908891393321,89.97300822338832,15.239,22.646182572676206,30363.0,华南,False,Yulin,72.0,64.0,54.0,55.0,False,False
珠海,珠海市,5,358.0,147,53408.0,91642.0,53458.45278606265,91801.89123573997,65.67051391601562,71.55536651611328,1.0057267634577352,1.028633817288676,function_outside,Function outside historical hotspots,10^3 POIs,1000.0,58.27895506427184,58.2324090129969,53.408,53.45845278606265,142120.0,华南,False,Zhuhai,30.0,31.0,140.0,140.0,False,False
盐城,盐城市,1,13.0,11,6940.0,6940.0,6940.0,6940.0,51.834266662597656,51.834266662597656,1.0,1.0,function_outside,Function outside historical hotspots,10^3 POIs,1000.0,100.0,100.0,6.94,6.94,88724.0,华东,False,Yancheng,120.0,127.0,6.0,9.0,False,False
眉山,眉山市,2,91.0,38,21407.0,27357.0,21407.0,27357.0,47.61364555358887,54.36734008789063,1.0,1.0,function_outside,Function outside historical hotspots,10^3 POIs,1000.0,78.25053916730636,78.25053916730636,21.407,21.407,48099.0,西南,False,Meishan,59.0,68.0,85.0,84.0,False,False
石家庄,石家庄市,6,1334.0,335,124809.0,194341.0,124809.0,194341.0,51.7627747853597,64.77916717529297,1.0,1.0,function_outside,Function outside historical hotspots,10^3 POIs,1000.0,64.22165163295445,64.22165163295445,124.809,124.809,52803.0,华北,False,Shijiazhuang,10.0,15.0,122.0,123.0,False,False
福州,福州市,5,1664.0,242,132567.0,270748.0,132567.0,270748.0,55.128614807128905,62.6599998474121,1.0,1.0,function_outside,Function outside historical hotspots,10^3 POIs,1000.0,48.963242572428975,48.963242572428975,132.567,132.567,120432.0,华东,False,Fuzhou,8.0,11.0,160.0,160.0,False,False
秦皇岛,秦皇岛市,3,138.0,36,8852.0,21254.0,11831.435800436007,26692.385395930985,59.64064153035482,87.1716537475586,1.2440160360717452,1.7320481082152355,function_outside,Function outside historical hotspots,10^3 POIs,1000.0,41.64863084595841,44.325134771355444,8.852,11.831435800436008,53688.0,华北,False,Qinhuangdao,105.0,96.0,167.0,163.0,False,False
绍兴,绍兴市,1,1.0,1,64.0,64.0,109.7665127307059,109.7665127307059,86.7954330444336,86.7954330444336,1.7151017614172797,1.7151017614172797,function_outside,Function outside historical hotspots,10^3 POIs,1000.0,100.0,100.0,0.064,0.1097665127307059,113434.0,华东,False,Shaoxing,176.0,175.0,31.0,30.0,False,False
绵阳,绵阳市,5,421.0,139,51546.0,82004.0,51546.0,82004.0,54.095130157470706,64.24278259277344,1.0,1.0,function_outside,Function outside historical hotspots,10^3 POIs,1000.0,62.857909370274626,62.857909370274626,51.546,51.546,61808.0,西南,False,Mianyang,31.0,32.0,127.0,127.0,False,False
聊城,聊城市,2,43.0,17,6064.0,9180.0,8618.0,14850.0,83.57119560241698,110.0463409423828,1.5,2.0,function_outside,Function outside historical hotspots,10^3 POIs,1000.0,66.05664488017429,58.033670033670035,6.064,8.618,38938.0,华东,False,Liaocheng,132.0,112.0,117.0,141.0,False,False
自贡,自贡市,3,41.0,19,7000.0,9613.0,7000.0,9613.0,54.31352996826172,57.73483657836914,1.0,1.0,function_outside,Function outside historical hotspots,10^3 POIs,1000.0,72.81805887860189,72.81805887860189,7.0,7.0,58571.0,西南,False,Zigong,117.0,124.0,96.0,98.0,False,False
舟山,舟山市,2,80.0,51,19184.0,30440.0,26843.0,43614.0,86.7549991607666,110.0,1.5,2.0,function_outside,Function outside historical hotspots,10^3 POIs,1000.0,63.022339027595265,61.546751043243,19.184,26.843,130354.0,华东,False,Zhoushan,66.0,56.0,126.0,131.0,False,False
芜湖,芜湖市,2,55.0,32,13176.0,15594.0,13176.0,15594.0,51.915761947631836,55.88072967529297,1.0,1.0,function_outside,Function outside historical hotspots,10^3 POIs,1000.0,84.49403616775683,84.49403616775683,13.176,13.176,102822.0,华东,False,Wuhu,81.0,89.0,68.0,67.0,False,False
苏州,苏州市,2,73.0,50,19250.0,20352.0,19250.0,20352.0,61.41836357116699,64.51640319824219,1.0,1.0,function_outside,Function outside historical hotspots,10^3 POIs,1000.0,94.58529874213836,94.58529874213836,19.25,19.25,158199.0,华东,False,Suzhou,65.0,77.0,45.0,45.0,False,False
茂名,茂名市,1,6.0,4,2275.0,2275.0,2275.0,2275.0,68.88009643554688,68.88009643554688,1.0,1.0,function_outside,Function outside historical hotspots,10^3 POIs,1000.0,100.0,100.0,2.275,2.275,53063.0,华南,False,Maoming,161.0,161.0,21.0,21.0,False,False
荆州,荆州市,1,410.0,38,22288.0,25125.0,38679.86179324941,43603.35281565826,87.24732971191406,87.24732971191406,1.735456828483911,1.735456828483911,function_outside,Function outside historical hotspots,10^3 POIs,1000.0,88.70845771144279,88.70845771144279,22.288,38.67986179324941,45911.0,华中,False,Jingzhou,56.0,41.0,61.0,60.0,False,False
荆门,荆门市,1,9.0,6,4539.0,4539.0,6337.878953642125,6337.878953642125,79.71817016601562,79.71817016601562,1.3963161387182474,1.3963161387182474,function_outside,Function outside historical hotspots,10^3 POIs,1000.0,100.0,100.0,4.539,6.337878953642125,75055.0,华中,False,Jingmen,150.0,137.0,17.0,12.0,False,False
莆田,莆田市,1,12.0,8,6901.0,6952.0,6901.0,6952.0,56.136268615722656,56.136268615722656,1.0,1.0,function_outside,Function outside historical hotspots,10^3 POIs,1000.0,99.26639815880323,99.26639815880323,6.901,6.901,82366.0,华东,False,Putian,122.0,130.0,33.0,33.0,False,False
萍乡,萍乡市,2,29.0,16,6895.0,13332.0,13485.0,26359.0,84.74447631835938,102.9370346069336,1.5,2.0,function_outside,Function outside historical hotspots,10^3 POIs,1000.0,51.71767176717672,51.158996927045784,6.895,13.485,53237.0,华东,False,Pingxiang,123.0,87.0,156.0,156.0,False,False
蚌埠,蚌埠市,2,49.0,28,8839.0,18871.0,8839.0,18871.0,57.87401580810547,60.766632080078125,1.0,1.0,function_outside,Function outside historical hotspots,10^3 POIs,1000.0,46.83906523236712,46.83906523236712,8.839,8.839,63113.0,华东,False,Bengbu,107.0,111.0,161.0,161.0,False,False
衡阳,衡阳市,1,18.0,10,12742.0,15437.0,12812.251147835605,15522.109634997505,71.04207611083984,71.04207611083984,1.0055133533068281,1.0055133533068281,function_outside,Function outside historical hotspots,10^3 POIs,1000.0,82.54194467837014,82.54194467837016,12.742,12.812251147835605,52838.0,华中,False,Hengyang,83.0,90.0,71.0,72.0,False,False
衢州,衢州市,2,44.0,19,11452.0,13345.0,13221.988658504823,15114.988658504823,72.81242942810059,90.16305541992188,1.4333958517396723,1.8667917034793446,function_outside,Function outside historical hotspots,10^3 POIs,1000.0,85.81491195204197,87.47600780411531,11.452,13.221988658504822,71891.0,华东,False,Quzhou,90.0,88.0,66.0,64.0,False,False
襄阳,襄阳市,4,250.0,77,23553.0,61412.0,23553.0,61412.0,57.591339111328125,69.48784637451172,1.0,1.0,function_outside,Function outside historical hotspots,10^3 POIs,1000.0,38.35243926268482,38.35243926268482,23.553,23.553,87489.0,华中,False,Xiangyang,51.0,58.0,171.0,171.0,False,False
西安,西安市,7,1635.0,368,199223.0,280477.0,199223.0,280477.0,30.531374795096262,40.45538711547851,1.0,1.0,function_outside,Function outside historical hotspots,10^3 POIs,1000.0,71.03006663648,71.03006663648,199.223,199.223,77317.0,西北,False,Xian,6.0,7.0,104.0,104.0,False,False
许昌,许昌市,2,19.0,10,5827.0,7612.0,5827.0,7612.0,56.33907890319824,66.06041717529297,1.0,1.0,function_outside,Function outside historical hotspots,10^3 POIs,1000.0,76.55018392012612,76.55018392012612,5.827,5.827,78749.0,华中,False,Xuchang,135.0,141.0,88.0,89.0,False,False
贵阳,贵阳市,5,217.0,92,43699.0,72284.0,43749.731423342266,72406.31021119117,44.7014274597168,71.29749298095705,1.003403651348022,1.01701825674011,function_outside,Function outside historical hotspots,10^3 POIs,1000.0,60.4545957611643,60.422539549018865,43.699,43.74973142334227,71980.0,西南,False,Guiyang,36.0,37.0,136.0,135.0,False,False
赣州,赣州市,3,32.0,17,13354.0,13354.0,21360.689266263253,21360.689266263253,71.90070470174153,93.06143951416016,1.332448483070223,1.997345449210669,function_outside,Function outside historical hotspots,10^3 POIs,1000.0,100.0,100.0,13.354,21.360689266263254,40637.0,华东,False,Ganzhou,79.0,70.0,2.0,1.0,False,False
达州,达州市,2,24.0,12,10407.0,13262.0,10407.0,13262.0,57.82400131225586,59.3602409362793,1.0,1.0,function_outside,Function outside historical hotspots,10^3 POIs,1000.0,78.47232694917811,78.47232694917811,10.407,10.407,39291.0,西南,False,Dazhou,97.0,100.0,83.0,82.0,False,False
连云港,连云港市,1,13.0,12,6366.0,6366.0,9819.102335631482,9819.102335631482,82.96197509765625,82.96197509765625,1.5424288934388128,1.5424288934388128,function_outside,Function outside historical hotspots,10^3 POIs,1000.0,100.0,100.0,6.366,9.819102335631483,71240.0,华东,False,Lianyungang,130.0,105.0,9.0,5.0,False,False
遂宁,遂宁市,2,82.0,26,20908.0,26281.0,20908.0,26281.0,58.51963424682617,69.85498809814453,1.0,1.0,function_outside,Function outside historical hotspots,10^3 POIs,1000.0,79.55557246680112,79.55557246680112,20.908,20.908,49758.0,西南,False,Suining,61.0,73.0,79.0,78.0,False,False
遵义,遵义市,1,6.0,3,3233.0,5652.0,3233.0,5652.0,64.06087493896484,64.06087493896484,1.0,1.0,function_outside,Function outside historical hotspots,10^3 POIs,1000.0,57.20099079971691,57.20099079971691,3.233,3.233,56279.0,西南,False,Zunyi,154.0,155.0,145.0,145.0,False,False
邢台,邢台市,3,222.0,77,27390.0,41942.0,35880.0,53710.0,72.54013315836589,109.89995574951172,1.3333333333333333,2.0,function_outside,Function outside historical hotspots,10^3 POIs,1000.0,65.30446807496067,66.80320238316887,27.39,35.88,30948.0,华北,False,Xingtai,47.0,44.0,120.0,116.0,False,False
邯郸,邯郸市,3,172.0,85,44967.0,49739.0,50269.95475842263,55797.81795337466,74.4989522298177,100.8520050048828,1.4930280747983906,2.0,function_outside,Function outside historical hotspots,10^3 POIs,1000.0,90.40591889664046,90.09304772532292,44.967,50.26995475842263,38646.0,华北,False,Handan,35.0,33.0,53.0,54.0,False,False
郑州,郑州市,9,9301.0,1029,337074.0,570456.0,420275.4747942164,692832.8188494223,47.86978891160753,93.46932220458984,1.145055324414683,2.0,function_outside,Function outside historical hotspots,10^3 POIs,1000.0,59.0885186587572,60.66044554473646,337.074,420.2754747942164,95111.0,华中,False,Zhengzhou,2.0,1.0,138.0,134.0,False,False
鄂尔多斯,鄂尔多斯市,2,36.0,28,6792.0,7068.0,6792.0,7068.0,52.853281021118164,55.17478942871094,1.0,1.0,function_outside,Function outside historical hotspots,10^3 POIs,1000.0,96.09507640067912,96.09507640067912,6.792,6.792,163595.0,华北,False,Eerduosi,124.0,131.0,40.0,40.0,False,False
重庆,重庆,5,118.0,52,34939.0,48092.0,43358.064720391296,56511.064720391296,67.54211654663087,83.07715606689455,1.1095234125197255,1.5476170625986274,function_outside,Function outside historical hotspots,10^3 POIs,1000.0,72.65033685436248,76.72491207681333,34.939,43.3580647203913,77914.0,西南,False,Chongqing,41.0,38.0,97.0,88.0,False,False
金华,金华市,4,126.0,66,25834.0,31916.0,27362.82664899635,35029.521093170646,70.97981643676758,90.60704040527344,1.221697599912464,1.8867903996498558,function_outside,Function outside historical hotspots,10^3 POIs,1000.0,80.94372728412081,78.11361901356683,25.834,27.36282664899635,66628.0,华东,False,Jinhua,49.0,54.0,74.0,85.0,False,False
钦州,钦州市,2,29.0,19,13970.0,17481.0,22017.63611005599,26683.839533230414,76.76638984680176,89.63961791992188,1.42160708874979,1.8432141774995798,function_outside,Function outside historical hotspots,10^3 POIs,1000.0,79.91533665122132,82.51299848598093,13.97,22.017636110055992,41932.0,华南,False,Qinzhou,76.0,66.0,77.0,73.0,False,False
铜仁,铜仁市,1,6.0,3,2914.0,4305.0,2914.0,4305.0,55.24677276611328,55.24677276611328,1.0,1.0,function_outside,Function outside historical hotspots,10^3 POIs,1000.0,67.68873403019744,67.68873403019744,2.914,2.914,40236.0,西南,False,Tongren,158.0,158.0,113.0,111.0,False,False
铜陵,铜陵市,2,56.0,25,4705.0,7527.0,7445.0,12682.0,77.21253967285156,99.64713287353516,1.5,2.0,function_outside,Function outside historical hotspots,10^3 POIs,1000.0,62.50830344094592,58.70525153761237,4.705,7.445,76618.0,华东,False,Tongling,148.0,120.0,129.0,136.0,False,False
银川,银川市,2,83.0,42,7425.0,22541.0,7425.0,22541.0,27.087204933166504,32.942771911621094,1.0,1.0,function_outside,Function outside historical hotspots,10^3 POIs,1000.0,32.939976043653786,32.939976043653786,7.425,7.425,68684.0,西北,False,Yinchuan,115.0,121.0,173.0,173.0,False,False
镇江,镇江市,1,42.0,35,21370.0,24419.0,21370.0,24419.0,63.77387237548828,63.77387237548828,1.0,1.0,function_outside,Function outside historical hotspots,10^3 POIs,1000.0,87.51382120479954,87.51382120479954,21.37,21.37,131466.0,华东,False,Zhenjiang,60.0,69.0,63.0,63.0,False,False
长春,长春市,5,194.0,118,55919.0,100508.0,55919.0,100508.0,35.83866577148437,38.58059310913086,1.0,1.0,function_outside,Function outside historical hotspots,10^3 POIs,1000.0,55.63636725434791,55.63636725434791,55.919,55.919,73187.0,东北,False,Changchun,28.0,29.0,148.0,148.0,False,False
长沙,长沙市,6,257.0,145,92055.0,131780.0,92055.0,131780.0,48.285962422688804,69.28343963623047,1.0,1.0,function_outside,Function outside historical hotspots,10^3 POIs,1000.0,69.85506146607983,69.85506146607983,92.055,92.055,120700.0,华中,False,Changsha,17.0,21.0,106.0,106.0,False,False
阜阳,阜阳市,2,17.0,10,6572.0,7968.0,7485.066628865694,9149.915692113693,63.04613685607911,77.5811004638672,1.1500273790446425,1.3000547580892847,function_outside,Function outside historical hotspots,10^3 POIs,1000.0,82.47991967871486,81.80476062000297,6.572,7.4850666288656935,34209.0,华东,False,Fuyang,127.0,119.0,72.0,75.0,False,False
阳江,阳江市,2,36.0,24,12241.0,16231.0,14033.470658595754,18564.406238989057,70.57320404052734,77.6100082397461,1.1506784346499455,1.3013568692998911,function_outside,Function outside historical hotspots,10^3 POIs,1000.0,75.41741112685601,75.59342581677937,12.241,14.033470658595753,52124.0,华南,False,Yangjiang,87.0,86.0,92.0,93.0,False,False
随州,随州市,2,63.0,15,5525.0,8399.0,5525.0,8399.0,59.55177688598633,62.73806762695312,1.0,1.0,function_outside,Function outside historical hotspots,10^3 POIs,1000.0,65.78164067150851,65.78164067150851,5.525,5.525,54563.0,华中,False,Suizhou,142.0,146.0,119.0,121.0,False,False
雅安,雅安市,2,85.0,19,3564.0,8172.0,3564.0,8172.0,49.51776123046875,51.48645782470704,1.0,1.0,function_outside,Function outside historical hotspots,10^3 POIs,1000.0,43.61233480176212,43.61233480176212,3.564,3.564,52768.0,西南,False,Yaan,152.0,154.0,162.0,164.0,False,False
青岛,青岛市,5,333.0,186,69462.0,120390.0,73121.30091972214,126277.10916937848,68.4628189086914,76.67479705810547,1.0767941479018948,1.2592315612512734,function_outside,Function outside historical hotspots,10^3 POIs,1000.0,57.69748317966609,57.90542830818435,69.462,73.12130091972215,122656.0,华东,False,Qingdao,22.0,24.0,144.0,142.0,False,False
马鞍山,马鞍山市,3,102.0,43,12758.0,16210.0,12758.0,16210.0,53.91607793172201,56.69150924682618,1.0,1.0,function_outside,Function outside historical hotspots,10^3 POIs,1000.0,78.70450339296731,78.70450339296731,12.758,12.758,101245.0,华东,False,Maanshan,82.0,91.0,82.0,81.0,False,False
驻马店,驻马店市,2,34.0,11,5788.0,5788.0,8848.469529996273,8848.469529996273,71.9221420288086,86.05209350585938,1.3408095244984715,1.681619048996943,function_outside,Function outside historical hotspots,10^3 POIs,1000.0,100.0,100.0,5.788,8.848469529996272,40788.0,华中,False,Zhumadian,136.0,109.0,11.0,6.0,False,True
鹤壁,鹤壁市,2,251.0,74,22877.0,25440.0,22877.0,25440.0,56.59130859374999,62.013042449951165,1.0,1.0,function_outside,Function outside historical hotspots,10^3 POIs,1000.0,89.9253144654088,89.9253144654088,22.877,22.877,62482.0,华中,False,Hebi,53.0,61.0,56.0,56.0,False,False
黄冈,黄冈市,2,40.0,23,17290.0,17448.0,17290.0,17448.0,60.30141639709473,61.6356086730957,1.0,1.0,function_outside,Function outside historical hotspots,10^3 POIs,1000.0,99.094452086199,99.094452086199,17.29,17.29,37470.0,华中,False,Huanggang,69.0,81.0,34.0,34.0,False,False
黄山,黄山市,2,127.0,20,11298.0,11550.0,14131.500306042528,14383.500306042528,68.75741195678711,81.36565399169922,1.2352623967155867,1.4705247934311736,function_outside,Function outside historical hotspots,10^3 POIs,1000.0,97.81818181818181,98.24799252867444,11.298,14.131500306042527,63939.0,华东,False,Huangshan,92.0,85.0,37.0,36.0,False,False
黄石,黄石市,2,54.0,23,7836.0,14816.0,7836.0,14816.0,58.06417465209961,63.436302185058594,1.0,1.0,function_outside,Function outside historical hotspots,10^3 POIs,1000.0,52.888768898488124,52.888768898488124,7.836,7.836,66450.0,华中,False,Huangshi,112.0,116.0,153.0,153.0,False,False
